мова,№,позиція,нова_ціна_євро,стара_ціна_євро,опис,повний_опис
uk,1,контейнери,14,29,Набір контейнерів, 3шт,"Скляні контейнери Locker — зручне зберігання та свіжість продуктів щодня

Набір скляних контейнерів Locker — це практичне рішення для зберігання, розігріву та транспортування продуктів. Контейнери виготовлені з міцного термостійкого скла та оснащені герметичними кришками із силіконовими ущільнювачами, які надійно зберігають свіжість вмісту.

✨ Ідеальні для щоденного використання

Контейнери чудово підходять для:
✔️ зберігання овочів і фруктів
✔️ готових страв і гарнірів
✔️ соусів і закусок
✔️ зберігання їжі в холодильнику або морозильній камері

🥬 Свіжість продуктів довше

Герметичні кришки щільно закриваються, запобігаючи протіканню та потраплянню повітря всередину. Це допомагає значно довше зберігати смак, аромат і свіжість продуктів.

🔥❄️ Універсальність використання

Контейнери підходять для:
✔️ мікрохвильової печі (без кришки)
✔️ холодильника
✔️ морозильної камери

💎 Комплектація набору

— Контейнер із кришкою 1040 мл
— Контейнер із кришкою 640 мл
— Контейнер із кришкою 380 мл

🖐️ Комфорт у використанні
✨ Locker — це зручне зберігання, практичність і комфорт для вашої кухні та повсякденного життя."
ru,1,контейнери,14,29,Набор контейнеров, 3шт,"Стеклянные контейнеры Locker — удобное хранение и свежесть продуктов каждый день

Набор стеклянных контейнеров Locker — практичное решение для хранения, разогрева и транспортировки продуктов. Контейнеры изготовлены из прочного термостойкого стекла и оснащены герметичными крышками с силиконовыми уплотнителями, которые надёжно сохраняют свежесть содержимого.

✨ Идеально для ежедневного использования

Контейнеры отлично подходят для:
✔️ хранения овощей и фруктов
✔️ готовых блюд и гарниров
✔️ соусов и закусок
✔️ хранения еды в холодильнике или морозильной камере

🥬 Свежесть продуктов дольше

Герметичные крышки плотно закрываются, предотвращая утечку и попадание воздуха внутрь. Это помогает значительно дольше сохранять вкус, аромат и свежесть продуктов.

🔥❄️ Универсальность использования

Контейнеры подходят для:
✔️ микроволновой печи (без крышки)
✔️ холодильника
✔️ морозильной камеры

💎 Комплектация набора

— Контейнер с крышкой 1040 мл
— Контейнер с крышкой 640 мл
— Контейнер с крышкой 380 мл

🖐️ Комфорт в использовании
✨ Locker — удобное хранение, практичность и комфорт для вашей кухни и повседневной жизни."
de,1,контейнери,14,29,Behälter-Set, 3 Stück,"Glasbehälter Locker — bequeme Aufbewahrung und Frische für Lebensmittel jeden Tag

Das Glasbehälter-Set Locker ist eine praktische Lösung zur Aufbewahrung, zum Aufwärmen und zum Transport von Lebensmitteln. Die Behälter sind aus robustem, hitzebeständigem Glas gefertigt und mit luftdichten Deckeln mit Silikonversiegelungen ausgestattet, die die Frische des Inhalts zuverlässig erhalten.

✨ Ideal für den täglichen Gebrauch

Die Behälter eignen sich hervorragend für:
✔️ die Aufbewahrung von Gemüse und Obst
✔️ fertige Gerichte und Beilagen
✔️ Soßen und Snacks
✔️ die Aufbewahrung von Lebensmitteln im Kühl- oder Gefrierschrank

🥬 Lebensmittel länger frisch

Die luftdichten Deckel schließen fest, verhindern Auslaufen und das Eindringen von Luft. Dies hilft, Geschmack, Aroma und Frische der Lebensmittel deutlich länger zu erhalten.

🔥❄️ Vielseitige Verwendung

Die Behälter sind geeignet für:
✔️ die Mikrowelle (ohne Deckel)
✔️ den Kühlschrank
✔️ den Gefrierschrank

💎 Lieferumfang

— Behälter mit Deckel 1040 ml
— Behälter mit Deckel 640 ml
— Behälter mit Deckel 380 ml

🖐️ Komfort in der Verwendung
✨ Locker — bequeme Aufbewahrung, Praktikalität und Komfort für Ihre Küche und Ihren Alltag."
ro,1,контейнери,14,29,Set de recipiente, 3 buc.,"Recipiente de sticlă Locker — depozitare convenabilă și prospețime pentru alimente în fiecare zi

Setul de recipiente din sticlă Locker este o soluție practică pentru depozitarea, reîncălzirea și transportul alimentelor. Recipientele sunt fabricate din sticlă rezistentă la căldură și echipate cu capace etanșe cu garnituri din silicon, care păstrează în mod fiabil prospețimea conținutului.

✨ Ideal pentru utilizare zilnică

Recipientele sunt perfecte pentru:
✔️ depozitarea legumelor și fructelor
✔️ mâncăruri gata preparate și garnituri
✔️ sosuri și gustări
✔️ depozitarea alimentelor în frigider sau congelator

🥬 Prospețimea alimentelor mai mult timp

Capacele etanșe se închid bine, prevenind scurgerile și intrarea aerului. Aceasta ajută la păstrarea gustului, aromei și prospețimii alimentelor pentru mult mai mult timp.

🔥❄️ Versatilitate în utilizare

Recipientele sunt potrivite pentru:
✔️ cuptorul cu microunde (fără capac)
✔️ frigider
✔️ congelator

💎 Conținutul setului

— Recipient cu capac 1040 ml
— Recipient cu capac 640 ml
— Recipient cu capac 380 ml

🖐️ Confort în utilizare
✨ Locker — depozitare convenabilă, practicalitate și confort pentru bucătăria și viața de zi cu zi."
no,1,контейнери,14,29,Beholdersett, 3 stk.,"Glassbeholdere Locker — praktisk oppbevaring og friskhet for matvarer hver dag

Glassbeholder-settet Locker er en praktisk løsning for oppbevaring, oppvarming og transport av matvarer. Beholderne er laget av holdbart varmebestandig glass og utstyrt med lufttette lokk med silikonforseglinger som pålitelig bevarer friskheten til innholdet.

✨ Ideelt for daglig bruk

Beholderne er perfekte for:
✔️ oppbevaring av grønnsaker og frukt
✔️ ferdiglagde retter og tilbehør
✔️ sauser og snacks
✔️ oppbevaring av mat i kjøleskap eller fryser

🥬 Matvarer forblir ferske lenger

De lufttette lokkene lukkes tett og forhindrer lekkasje og luftinntrengning. Dette hjelper med å bevare smak, aroma og friskhet på matvarer mye lenger.

🔥❄️ Allsidig bruk

Beholderne er egnet for:
✔️ mikrobølgeovn (uten lokk)
✔️ kjøleskap
✔️ fryser

💎 Innhold i settet

— Beholder med lokk 1040 ml
— Beholder med lokk 640 ml
— Beholder med lokk 380 ml

🖐️ Komfort i bruk
✨ Locker — praktisk oppbevaring, funksjonalitet og komfort for ditt kjøkken og hverdagsliv."
uk,2,3 сковорідки,37,68,Набір сковорідок антипригарних 3шт (26/28/28гл см),"Набір сковорідок — універсальність та комфорт для щоденного приготування

Набір сковорідок стане чудовим помічником на кухні для приготування різноманітних страв. Завдяки антипригарному мармуровому покриттю продукти не пригорають, а готування стає легким та приємним.

✨ Ідеально для щоденного використання

Сковорідки чудово підходять для:
✔️ смаження овочів, м'яса та риби
✔️ приготування сніданків
✔️ тушкування та обсмажування
✔️ приготування великих порцій страв для всієї родини

🍳 Антипригарне мармурове покриття

Якісне покриття забезпечує:
✔️ легке очищення після використання
✔️ приготування з мінімальною кількістю олії
✔️ комфортне щоденне користування
✔️ рівномірне обсмаження продуктів

🔥 Рівномірний розподіл тепла

Алюмінієвий корпус швидко нагрівається та рівномірно розподіляє тепло по всій поверхні, що допомагає досягати чудового результату приготування.

💎 Комплектація набору

— Сковорода алюмінієва з антипригарним мармуровим покриттям, діаметр 26 см
— Сковорода алюмінієва з антипригарним мармуровим покриттям, діаметр 28 см
— Сковорода глибока алюмінієва з антипригарним мармуровим покриттям, діаметр 28 см
— Кришка скляна універсальна, діаметр 24–28 см

🖐️ Комфорт у використанні

Ергономічні ручки забезпечують зручність у користуванні, а універсальна скляна кришка додає набору практичності для щоденного приготування різноманітних страв.
✨ Це універсальний набір для комфортного приготування та задоволення від кожного процесу на кухні."
ru,2,3 сковорідки,37,68,Набор сковородок антипригарных 3шт (26/28/28гл см),"Набор сковородок — универсальность и комфорт для ежедневного приготовления

Набор сковородок станет отличным помощником на кухне для приготовления разнообразных блюд. Благодаря антипригарному мраморному покрытию продукты не пригорают, а готовка становится лёгкой и приятной.

✨ Идеально для ежедневного использования

Сковородки отлично подходят для:
✔️ жарки овощей, мяса и рыбы
✔️ приготовления завтраков
✔️ тушения и обжаривания
✔️ приготовления больших порций блюд для всей семьи

🍳 Антипригарное мраморное покрытие

Качественное покрытие обеспечивает:
✔️ лёгкую очистку после использования
✔️ приготовление с минимальным количеством масла
✔️ комфортное ежедневное использование
✔️ равномерное обжаривание продуктов

🔥 Равномерное распределение тепла

Алюминиевый корпус быстро нагревается и равномерно распределяет тепло по всей поверхности, что помогает достигать отличного результата приготовления.

💎 Комплектация набора

— Сковорода алюминиевая с антипригарным мраморным покрытием, диаметр 26 см
— Сковорода алюминиевая с антипригарным мраморным покрытием, диаметр 28 см
— Сковорода глубокая алюминиевая с антипригарным мраморным покрытием, диаметр 28 см
— Крышка стеклянная универсальная, диаметр 24–28 см

🖐️ Комфорт в использовании

Эргономичные ручки обеспечивают удобство в использовании, а универсальная стеклянная крышка добавляет набору практичности для ежедневного приготовления разнообразных блюд.
✨ Это универсальный набор для комфортного приготовления и удовольствия от каждого процесса на кухне."
de,2,3 сковорідки,37,68,Antihaft-Pfannen-Set 3 Stück (26/28/28 tief cm),"Pfannen-Set — Vielseitigkeit und Komfort für die tägliche Zubereitung

Das Pfannen-Set wird ein hervorragender Helfer in der Küche für die Zubereitung verschiedener Gerichte. Dank der Anti-Haft-Marmorbeschichtung brennen Lebensmittel nicht an, und das Kochen wird leicht und angenehm.

✨ Ideal für den täglichen Einsatz

Die Pfannen eignen sich hervorragend für:
✔️ das Braten von Gemüse, Fleisch und Fisch
✔️ die Zubereitung von Frühstück
✔️ Schmoren und Anbraten
✔️ die Zubereitung großer Portionen für die ganze Familie

🍳 Anti-Haft-Marmorbeschichtung

Die hochwertige Beschichtung sorgt für:
✔️ einfache Reinigung nach der Verwendung
✔️ Kochen mit minimalem Ölverbrauch
✔️ komfortablen täglichen Gebrauch
✔️ gleichmäßiges Anbraten von Lebensmitteln

🔥 Gleichmäßige Wärmeverteilung

Der Aluminiumkorpus erhitzt sich schnell und verteilt die Wärme gleichmäßig über die gesamte Oberfläche, was zu hervorragenden Kochergebnissen führt.

💎 Lieferumfang

— Aluminiumpfanne mit Anti-Haft-Marmorbeschichtung, Durchmesser 26 cm
— Aluminiumpfanne mit Anti-Haft-Marmorbeschichtung, Durchmesser 28 cm
— Tiefe Aluminiumpfanne mit Anti-Haft-Marmorbeschichtung, Durchmesser 28 cm
— Universeller Glasdeckel, Durchmesser 24–28 cm

🖐️ Komfort in der Verwendung

Die ergonomischen Griffe sorgen für Bequemlichkeit, und der universelle Glasdeckel macht das Set noch praktischer für die tägliche Zubereitung verschiedener Gerichte.
✨ Dies ist ein vielseitiges Set für komfortables Kochen und Freude an jedem Prozess in der Küche."
ro,2,3 сковорідки,37,68,Set de tigăi antiaderente 3 buc. (26/28/28 adânc cm),"Set de tigăi — versatilitate și confort pentru gătit zilnic

Setul de tigăi va fi un ajutor excelent în bucătărie pentru prepararea diverselor feluri de mâncare. Datorită acoperirii antiaderente cu efect de marmură, alimentele nu se lipesc, iar gătitul devine ușor și plăcut.

✨ Ideal pentru utilizare zilnică

Tigăile sunt perfecte pentru:
✔️ prăjit legume, carne și pește
✔️ prepararea micului dejun
✔️ înăbușit și rumenire
✔️ prepararea porțiilor mari pentru întreaga familie

🍳 Acoperire antiaderentă cu efect de marmură

Acoperirea de calitate asigură:
✔️ curățare ușoară după utilizare
✔️ gătit cu o cantitate minimă de ulei
✔️ utilizare zilnică confortabilă
✔️ rumenire uniformă a alimentelor

🔥 Distribuție uniformă a căldurii

Corpul din aluminiu se încălzește rapid și distribuie căldura uniform pe întreaga suprafață, ceea ce ajută la obținerea unor rezultate excelente de gătit.

💎 Conținutul setului

— Tigaie din aluminiu cu acoperire antiaderentă cu efect de marmură, diametru 26 cm
— Tigaie din aluminiu cu acoperire antiaderentă cu efect de marmură, diametru 28 cm
— Tigaie adâncă din aluminiu cu acoperire antiaderentă cu efect de marmură, diametru 28 cm
— Capac universal din sticlă, diametru 24–28 cm

🖐️ Confort în utilizare

Mânerele ergonomice asigură confort în utilizare, iar capacul universal din sticlă adaugă practicitate setului pentru gătit zilnic al diverselor feluri de mâncare.
✨ Acesta este un set versatil pentru gătit confortabil și plăcere în fiecare proces din bucătărie."
no,2,3 сковорідки,37,68,Antistekepannesett 3 stk. (26/28/28 dyp cm),"Stekepannesett — allsidighet og komfort for daglig matlaging

Stekepannesettet vil bli en utmerket hjelper på kjøkkenet for å tilberede en rekke retter. Takket være non-stick marmorbelegget brenner ikke maten seg fast, og matlagingen blir lett og behagelig.

✨ Ideelt for daglig bruk

Stekepannene er perfekte for:
✔️ steking av grønnsaker, kjøtt og fisk
✔️ tilberedning av frokost
✔️ stuving og steking
✔️ tilberedning av store porsjoner for hele familien

🍳 Non-stick marmorbeelegg

Det høykvalitets belegget sikrer:
✔️ enkel rengjøring etter bruk
✔️ matlaging med minimal mengde olje
✔️ komfortabel daglig bruk
✔️ jevn bruning av matvarer

🔥 Jevn varmefordeling

Aluminiumskroppen varmes opp raskt og fordeler varmen jevnt over hele overflaten, noe som bidrar til utmerkede matlagingsresultater.

💎 Innhold i settet

— Aluminiumstekepanne med non-stick marmorbeelegg, diameter 26 cm
— Aluminiumstekepanne med non-stick marmorbeelegg, diameter 28 cm
— Dyp aluminiumstekepanne med non-stick marmorbeelegg, diameter 28 cm
— Universelt glasslokk, diameter 24–28 cm

🖐️ Komfort i bruk

Ergonomiske håndtak gir bekvemmelighet i bruk, og det universelle glasslokket gjør settet enda mer praktisk for daglig tilberedning av forskjellige retter.
✨ Dette er et allsidig sett for komfortabel matlaging og glede i enhver prosess på kjøkkenet."
uk,3,каструлі та 1 сковорідка,58,108,Набір каструль та сковорідка нержавіюча сталь індукція,"Набір каструль — комфортне приготування та практичність для вашої кухні

Набір каструль стане чудовим рішенням для щоденного приготування улюблених страв. Каструлі виготовлені з якісних матеріалів та оснащені скляними кришками, що дозволяють зручно контролювати процес приготування.

✨ Ідеально для щоденного використання

Набір чудово підходить для:
✔️ приготування супів і бульйонів
✔️ гарнірів та соусів
✔️ тушкування овочів і м'яса
✔️ щоденного використання на будь-якій кухні

🔥 Рівномірний розподіл тепла

Каструлі швидко нагріваються та рівномірно розподіляють тепло, допомагаючи готувати страви якісно та комфортно.

🍲 Скляні кришки для зручності

Прозорі кришки дозволяють контролювати процес приготування без необхідності відкривати посуд, зберігаючи тепло та аромат страв.

💎 Комплектація набору

— Каструля 2,7 л зі скляною кришкою, діаметр 18 см
— Каструля 3,6 л зі скляною кришкою, діаметр 20 см
— Каструля 6,1 л зі скляною кришкою, діаметр 24 см
— Сковорода алюмінієва з антипригарним мармуровим покриттям, діаметр 24 см
— Підставка під гаряче кухонна силіконова

🖐️ Комфорт у використанні

Набір поєднує практичність, сучасний дизайн та зручність у щоденному користуванні.
✨ Це універсальний набір для комфортного приготування страв для всієї родини."
ru,3,каструлі та 1 сковорідка,58,108,Набор кастрюль и сковорода нержавеющая сталь индукция,"Набор кастрюль — комфортное приготовление и практичность для вашей кухни

Набор кастрюль станет отличным решением для ежедневного приготовления любимых блюд. Кастрюли изготовлены из качественных материалов и оснащены стеклянными крышками, которые позволяют удобно контролировать процесс приготовления.

✨ Идеально для ежедневного использования

Набор отлично подходит для:
✔️ приготовления супов и бульонов
✔️ гарниров и соусов
✔️ тушения овощей и мяса
✔️ ежедневного использования на любой кухне

🔥 Равномерное распределение тепла

Кастрюли быстро нагреваются и равномерно распределяют тепло, помогая готовить блюда качественно и комфортно.

🍲 Стеклянные крышки для удобства

Прозрачные крышки позволяют контролировать процесс приготовления без необходимости открывать посуд, сохраняя тепло и аромат блюд.

💎 Комплектация набора

— Кастрюля 2,7 л со стеклянной крышкой, диаметр 18 см
— Кастрюля 3,6 л со стеклянной крышкой, диаметр 20 см
— Кастрюля 6,1 л со стеклянной крышкой, диаметр 24 см
— Сковорода алюминиевая с антипригарным мраморным покрытием, диаметр 24 см
— Подставка под горячее кухонная силиконовая

🖐️ Комфорт в использовании

Набор сочетает практичность, современный дизайн и удобство в ежедневном использовании.
✨ Это универсальный набор для комфортного приготовления блюд для всей семьи."
de,3,каструлі та 1 сковорідка,58,108,Topf- und Pfannen-Set Edelstahl Induktion,"Topfset — komfortables Kochen und Praktikalität für Ihre Küche

Das Topfset wird eine ausgezeichnete Lösung für die tägliche Zubereitung Ihrer Lieblingsgerichte. Die Töpfe sind aus hochwertigen Materialien gefertigt und mit Glasdeckeln ausgestattet, die eine bequeme Kontrolle des Kochvorgangs ermöglichen.

✨ Ideal für den täglichen Einsatz

Das Set eignet sich hervorragend für:
✔️ die Zubereitung von Suppen und Brühen
✔️ Beilagen und Soßen
✔️ Schmoren von Gemüse und Fleisch
✔️ den täglichen Einsatz in jeder Küche

🔥 Gleichmäßige Wärmeverteilung

Die Töpfe erhitzen sich schnell und verteilen die Wärme gleichmäßig, was eine qualitativ hochwertige und komfortable Zubereitung ermöglicht.

🍲 Glasdeckel für mehr Bequemlichkeit

Transparente Deckel ermöglichen die Kontrolle des Kochvorgangs ohne Öffnen des Geschirrs und bewahren dabei Wärme und Aroma der Gerichte.

💎 Lieferumfang

— Topf 2,7 l mit Glasdeckel, Durchmesser 18 cm
— Topf 3,6 l mit Glasdeckel, Durchmesser 20 cm
— Topf 6,1 l mit Glasdeckel, Durchmesser 24 cm
— Aluminiumpfanne mit Anti-Haft-Marmorbeschichtung, Durchmesser 24 cm
— Silikonuntersetzer für heiße Gefäße

🖐️ Komfort in der Verwendung

Das Set vereint Praktikalität, modernes Design und Bequemlichkeit im täglichen Gebrauch.
✨ Dies ist ein vielseitiges Set für komfortables Kochen für die ganze Familie."
ro,3,каструлі та 1 сковорідка,58,108,Set oale și tigaie oțel inoxidabil inducție,"Set de oale — gătit confortabil și practicalitate pentru bucătăria dumneavoastră

Setul de oale va fi o soluție excelentă pentru prepararea zilnică a mâncărurilor preferate. Oalele sunt fabricate din materiale de calitate și echipate cu capace din sticlă, care permit controlul convenabil al procesului de gătit.

✨ Ideal pentru utilizare zilnică

Setul este perfect pentru:
✔️ prepararea supelor și bulionurilor
✔️ garnituri și sosuri
✔️ înăbușit legume și carne
✔️ utilizare zilnică în orice bucătărie

🔥 Distribuție uniformă a căldurii

Oalele se încălzesc rapid și distribuie căldura uniform, ajutând la prepararea mâncărurilor de calitate și în mod confortabil.

🍲 Capace din sticlă pentru confort

Capacele transparente permit controlul procesului de gătit fără a fi necesară deschiderea vaselor, păstrând căldura și aroma mâncărurilor.

💎 Conținutul setului

— Oală 2,7 l cu capac din sticlă, diametru 18 cm
— Oală 3,6 l cu capac din sticlă, diametru 20 cm
— Oală 6,1 l cu capac din sticlă, diametru 24 cm
— Tigaie din aluminiu cu acoperire antiaderentă cu efect de marmură, diametru 24 cm
— Suport silicon pentru vase fierbinți

🖐️ Confort în utilizare

Setul îmbină practicalitatea, designul modern și confortul în utilizarea zilnică.
✨ Acesta este un set versatil pentru gătit confortabil pentru întreaga familie."
no,3,каструлі та 1 сковорідка,58,108,Gryte- og stekepannesett rustfritt stål induksjon,"Grytesett — komfortabel matlaging og praktikalitet for ditt kjøkken

Grytesettet vil bli en utmerket løsning for daglig tilberedning av favorittretter. Grytene er laget av høykvalitetsmaterialer og utstyrt med glasslokk som muliggjør praktisk kontroll over kokeprosessen.

✨ Ideelt for daglig bruk

Settet er perfekt for:
✔️ tilberedning av supper og buljonger
✔️ tilbehør og sauser
✔️ stuving av grønnsaker og kjøtt
✔️ daglig bruk på ethvert kjøkken

🔥 Jevn varmefordeling

Grytene varmes opp raskt og fordeler varmen jevnt, noe som bidrar til kvalitativ og komfortabel matlaging.

🍲 Glasslokk for bekvemmelighet

Transparente lokk gjør det mulig å kontrollere matlagingsprosessen uten å åpne kokekarene, og bevarer varme og aroma i rettene.

💎 Innhold i settet

— Gryte 2,7 l med glasslokk, diameter 18 cm
— Gryte 3,6 l med glasslokk, diameter 20 cm
— Gryte 6,1 l med glasslokk, diameter 24 cm
— Aluminiumstekepanne med non-stick marmorbeelegg, diameter 24 cm
— Silikonunderlag for varme beholdere

🖐️ Komfort i bruk

Settet kombinerer praktikalitet, moderne design og bekvemmelighet i daglig bruk.
✨ Dette er et allsidig sett for komfortabel matlaging for hele familien."
uk,4,3 сковороди,37,68,Набір сковорідок антипригарних 3шт (20/24/26 см),"Набір сковорідок — комфортне приготування та універсальність для щоденної кухні

Набір сковорідок стане практичним рішенням для приготування улюблених страв щодня. Завдяки антипригарному мармуровому покриттю продукти не пригорають, а процес приготування стає легким і комфортним.

✨ Ідеально для щоденного використання

Сковорідки чудово підходять для:
✔️ смаження овочів, м'яса та риби
✔️ приготування сніданків
✔️ тушкування та обсмажування
✔️ щоденного використання на будь-якій кухні

🍳 Антипригарне мармурове покриття

Якісне покриття забезпечує:
✔️ легке очищення після використання
✔️ приготування з мінімальною кількістю олії
✔️ рівномірне обсмаження продуктів
✔️ комфортне щоденне користування

🔥 Рівномірний розподіл тепла

Алюмінієвий корпус швидко нагрівається та рівномірно розподіляє тепло по всій поверхні сковорідки, допомагаючи досягати ідеального результату приготування.

💎 Комплектація набору

— Сковорода алюмінієва з антипригарним мармуровим покриттям, діаметр 20 см
— Сковорода алюмінієва з антипригарним мармуровим покриттям, діаметр 24 см
— Сковорода алюмінієва з антипригарним мармуровим покриттям, діаметр 26 см
— Кришка скляна універсальна, діаметр 24–28 см

🖐️ Комфорт у використанні

Ергономічні ручки забезпечують зручне користування, а універсальна скляна кришка робить набір ще практичнішим для щоденного приготування.
✨ Це універсальний набір для комфортного та приємного приготування страв для всієї родини."
ru,4,3 сковороди,37,68,Набор антипригарных сковородок 3шт (20/24/26 см),"Набор сковородок — комфортное приготовление и универсальность для повседневной кухни

Набор сковородок станет практичным решением для приготовления любимых блюд каждый день. Благодаря антипригарному мраморному покрытию продукты не пригорают, а процесс приготовления становится лёгким и комфортным.

✨ Идеально для ежедневного использования

Сковородки отлично подходят для:
✔️ жарки овощей, мяса и рыбы
✔️ приготовления завтраков
✔️ тушения и обжаривания
✔️ ежедневного использования на любой кухне

🍳 Антипригарное мраморное покрытие

Качественное покрытие обеспечивает:
✔️ лёгкую очистку после использования
✔️ приготовление с минимальным количеством масла
✔️ равномерное обжаривание продуктов
✔️ комфортное ежедневное использование

🔥 Равномерное распределение тепла

Алюминиевый корпус быстро нагревается и равномерно распределяет тепло по всей поверхности сковородки, помогая достигать идеального результата приготовления.

💎 Комплектация набора

— Сковорода алюминиевая с антипригарным мраморным покрытием, диаметр 20 см
— Сковорода алюминиевая с антипригарным мраморным покрытием, диаметр 24 см
— Сковорода алюминиевая с антипригарным мраморным покрытием, диаметр 26 см
— Крышка стеклянная универсальная, диаметр 24–28 см

🖐️ Комфорт в использовании

Эргономичные ручки обеспечивают удобное использование, а универсальная стеклянная крышка делает набор ещё практичнее для ежедневного приготовления.
✨ Это универсальный набор для комфортного и приятного приготовления блюд для всей семьи."
de,4,3 сковороди,37,68,Antihaft-Pfannen-Set 3 Stück (20/24/26 cm),"Pfannen-Set — komfortables Kochen und Vielseitigkeit für den Alltag

Das Pfannen-Set ist eine praktische Lösung für die tägliche Zubereitung von Lieblingsgerichten. Dank der Anti-Haft-Marmorbeschichtung brennen Lebensmittel nicht an, und der Kochprozess wird leicht und angenehm.

✨ Ideal für den täglichen Einsatz

Die Pfannen eignen sich hervorragend für:
✔️ das Braten von Gemüse, Fleisch und Fisch
✔️ die Zubereitung von Frühstück
✔️ Schmoren und Anbraten
✔️ den täglichen Einsatz in jeder Küche

🍳 Anti-Haft-Marmorbeschichtung

Die hochwertige Beschichtung sorgt für:
✔️ einfache Reinigung nach der Verwendung
✔️ Kochen mit minimalem Ölverbrauch
✔️ gleichmäßiges Anbraten von Lebensmitteln
✔️ komfortablen täglichen Gebrauch

🔥 Gleichmäßige Wärmeverteilung

Der Aluminiumkorpus erhitzt sich schnell und verteilt die Wärme gleichmäßig über die gesamte Oberfläche der Pfanne, was zu idealen Kochergebnissen führt.

💎 Lieferumfang

— Aluminiumpfanne mit Anti-Haft-Marmorbeschichtung, Durchmesser 20 cm
— Aluminiumpfanne mit Anti-Haft-Marmorbeschichtung, Durchmesser 24 cm
— Aluminiumpfanne mit Anti-Haft-Marmorbeschichtung, Durchmesser 26 cm
— Universeller Glasdeckel, Durchmesser 24–28 cm

🖐️ Komfort in der Verwendung

Ergonomische Griffe sorgen für bequeme Handhabung, und der universelle Glasdeckel macht das Set noch praktischer für die tägliche Zubereitung.
✨ Dies ist ein vielseitiges Set für komfortables und angenehmes Kochen für die ganze Familie."
ro,4,3 сковороди,37,68,Set de tigăi antiaderente 3 buc. (20/24/26 cm),"Set de tigăi — gătit confortabil și versatilitate pentru bucătăria de zi cu zi

Setul de tigăi va fi o soluție practică pentru prepararea mâncărurilor preferate în fiecare zi. Datorită acoperirii antiaderente cu efect de marmură, alimentele nu se lipesc, iar procesul de gătit devine ușor și confortabil.

✨ Ideal pentru utilizare zilnică

Tigăile sunt perfecte pentru:
✔️ prăjit legume, carne și pește
✔️ prepararea micului dejun
✔️ înăbușit și rumenire
✔️ utilizare zilnică în orice bucătărie

🍳 Acoperire antiaderentă cu efect de marmură

Acoperirea de calitate asigură:
✔️ curățare ușoară după utilizare
✔️ gătit cu o cantitate minimă de ulei
✔️ rumenire uniformă a alimentelor
✔️ utilizare zilnică confortabilă

🔥 Distribuție uniformă a căldurii

Corpul din aluminiu se încălzește rapid și distribuie căldura uniform pe întreaga suprafață a tigăii, ajutând la obținerea unor rezultate ideale de gătit.

💎 Conținutul setului

— Tigaie din aluminiu cu acoperire antiaderentă cu efect de marmură, diametru 20 cm
— Tigaie din aluminiu cu acoperire antiaderentă cu efect de marmură, diametru 24 cm
— Tigaie din aluminiu cu acoperire antiaderentă cu efect de marmură, diametru 26 cm
— Capac universal din sticlă, diametru 24–28 cm

🖐️ Confort în utilizare

Mânerele ergonomice asigură o utilizare confortabilă, iar capacul universal din sticlă face setul și mai practic pentru gătit zilnic.
✨ Acesta este un set versatil pentru gătit confortabil și plăcut pentru întreaga familie."
no,4,3 сковороди,37,68,Antiheftstekepannesett 3 stk. (20/24/26 cm),"Stekepannesett — komfortabel matlaging og allsidighet for hverdagskjøkkenet

Stekepannesettet vil være en praktisk løsning for daglig tilberedning av favorittretter. Takket være non-stick marmorbelegget brenner ikke maten seg fast, og matlagingsprosessen blir lett og komfortabel.

✨ Ideelt for daglig bruk

Stekepannene er perfekte for:
✔️ steking av grønnsaker, kjøtt og fisk
✔️ tilberedning av frokost
✔️ stuving og steking
✔️ daglig bruk på ethvert kjøkken

🍳 Non-stick marmorbeelegg

Det høykvalitets belegget sikrer:
✔️ enkel rengjøring etter bruk
✔️ matlaging med minimal mengde olje
✔️ jevn bruning av matvarer
✔️ komfortabel daglig bruk

🔥 Jevn varmefordeling

Aluminiumskroppen varmes opp raskt og fordeler varmen jevnt over hele overflaten til stekepannen, noe som bidrar til ideelle matlagingsresultater.

💎 Innhold i settet

— Aluminiumstekepanne med non-stick marmorbeelegg, diameter 20 cm
— Aluminiumstekepanne med non-stick marmorbeelegg, diameter 24 cm
— Aluminiumstekepanne med non-stick marmorbeelegg, diameter 26 cm
— Universelt glasslokk, diameter 24–28 cm

🖐️ Komfort i bruk

Ergonomiske håndtak gir komfortabel bruk, og det universelle glasslokket gjør settet enda mer praktisk for daglig matlaging.
✨ Dette er et allsidig sett for komfortabel og behagelig matlaging for hele familien."
uk,5,набір каструль,89,183,Великий набір каструль 12 предметів нержавіюча сталь індукція,"Набір каструль — універсальне рішення для комфортного приготування щодня

Практичний набір каструль стане чудовим помічником для щоденного приготування різноманітних страв. Різні об'єми посуду дозволяють зручно готувати як невеликі порції, так і страви для всієї родини.

✨ Ідеально для щоденного використання

Набір чудово підходить для:
✔️ приготування супів і бульйонів
✔️ гарнірів та соусів
✔️ тушкування овочів і м'яса
✔️ варіння пасти, каш та інших страв
✔️ щоденного використання на будь-якій кухні

🔥 Рівномірний розподіл тепла

Каструлі швидко нагріваються та рівномірно розподіляють тепло, що допомагає комфортно та якісно готувати улюблені страви.

🍲 Скляні кришки для зручності

Прозорі скляні кришки дозволяють легко контролювати процес приготування без необхідності відкривати посуд, зберігаючи тепло та аромат страв.

💎 Комплектація набору

— Ківш 1,2 л з кришкою, діаметр 14 см
— Каструля 1,7 л зі скляною кришкою, діаметр 16 см
— Каструля 2,5 л зі скляною кришкою, діаметр 18 см
— Каструля 3,4 л зі скляною кришкою, діаметр 20 см
— Каструля 4,5 л зі скляною кришкою, діаметр 22 см
— Каструля 5,8 л зі скляною кришкою, діаметр 24 см

🖐️ Комфорт у використанні

Зручні ручки та продуманий дизайн забезпечують комфортне користування під час приготування, а сучасний вигляд набору гармонійно доповнить будь-яку кухню.
✨ Це практичний та універсальний набір для щоденного приготування з комфортом і задоволенням."
ru,5,набір каструль,89,183,Большой набор кастрюль 12 предметов нержавеющая сталь индукция,"Набор кастрюль — универсальное решение для комфортного приготовления каждый день

Практичный набор кастрюль станет отличным помощником для ежедневного приготовления разнообразных блюд. Различные объёмы посуды позволяют удобно готовить как небольшие порции, так и блюда для всей семьи.

✨ Идеально для ежедневного использования

Набор отлично подходит для:
✔️ приготовления супов и бульонов
✔️ гарниров и соусов
✔️ тушения овощей и мяса
✔️ варки пасты, каш и других блюд
✔️ ежедневного использования на любой кухне

🔥 Равномерное распределение тепла

Кастрюли быстро нагреваются и равномерно распределяют тепло, что помогает комфортно и качественно готовить любимые блюда.

🍲 Стеклянные крышки для удобства

Прозрачные стеклянные крышки позволяют легко контролировать процесс приготовления без необходимости открывать посуд, сохраняя тепло и аромат блюд.

💎 Комплектация набора

— Ковш 1,2 л с крышкой, диаметр 14 см
— Кастрюля 1,7 л со стеклянной крышкой, диаметр 16 см
— Кастрюля 2,5 л со стеклянной крышкой, диаметр 18 см
— Кастрюля 3,4 л со стеклянной крышкой, диаметр 20 см
— Кастрюля 4,5 л со стеклянной крышкой, диаметр 22 см
— Кастрюля 5,8 л со стеклянной крышкой, диаметр 24 см

🖐️ Комфорт в использовании

Удобные ручки и продуманный дизайн обеспечивают комфортное использование во время приготовления, а современный вид набора гармонично дополнит любую кухню.
✨ Это практичный и универсальный набор для ежедневного приготовления с комфортом и удовольствием."
de,5,набір каструль,89,183,Großes Topfset 12-teilig Edelstahl Induktion,"Topfset — universelle Lösung für komfortables Kochen jeden Tag

Das praktische Topfset wird ein hervorragender Helfer für die tägliche Zubereitung verschiedener Gerichte. Verschiedene Volumina des Geschirrs ermöglichen es, bequem sowohl kleine Portionen als auch Gerichte für die ganze Familie zuzubereiten.

✨ Ideal für den täglichen Einsatz

Das Set eignet sich hervorragend für:
✔️ die Zubereitung von Suppen und Brühen
✔️ Beilagen und Soßen
✔️ Schmoren von Gemüse und Fleisch
✔️ das Kochen von Pasta, Brei und anderen Gerichten
✔️ den täglichen Einsatz in jeder Küche

🔥 Gleichmäßige Wärmeverteilung

Die Töpfe erhitzen sich schnell und verteilen die Wärme gleichmäßig, was eine komfortable und qualitativ hochwertige Zubereitung der Lieblingsgerichte ermöglicht.

🍲 Glasdeckel für mehr Bequemlichkeit

Transparente Glasdeckel ermöglichen eine einfache Kontrolle des Kochvorgangs ohne Öffnen des Geschirrs und bewahren dabei Wärme und Aroma der Gerichte.

💎 Lieferumfang

— Stieltopf 1,2 l mit Deckel, Durchmesser 14 cm
— Topf 1,7 l mit Glasdeckel, Durchmesser 16 cm
— Topf 2,5 l mit Glasdeckel, Durchmesser 18 cm
— Topf 3,4 l mit Glasdeckel, Durchmesser 20 cm
— Topf 4,5 l mit Glasdeckel, Durchmesser 22 cm
— Topf 5,8 l mit Glasdeckel, Durchmesser 24 cm

🖐️ Komfort in der Verwendung

Bequeme Griffe und durchdachtes Design sorgen für komfortablen Gebrauch beim Kochen, und das moderne Aussehen des Sets ergänzt harmonisch jede Küche.
✨ Dies ist ein praktisches und vielseitiges Set für tägliches Kochen mit Komfort und Freude."
ro,5,набір каструль,89,183,Set mare de oale 12 piese oțel inoxidabil inducție,"Set de oale — soluție universală pentru gătit confortabil în fiecare zi

Setul practic de oale va fi un ajutor excelent pentru prepararea zilnică a diverselor feluri de mâncare. Volumele diferite ale vaselor permit pregătirea convenabilă atât a porțiilor mici, cât și a mâncărurilor pentru întreaga familie.

✨ Ideal pentru utilizare zilnică

Setul este perfect pentru:
✔️ prepararea supelor și bulionurilor
✔️ garnituri și sosuri
✔️ înăbușit legume și carne
✔️ fierberea pastelor, terciului și altor mâncăruri
✔️ utilizare zilnică în orice bucătărie

🔥 Distribuție uniformă a căldurii

Oalele se încălzesc rapid și distribuie căldura uniform, ceea ce ajută la prepararea confortabilă și de calitate a mâncărurilor preferate.

🍲 Capace din sticlă pentru confort

Capacele transparente din sticlă permit controlul ușor al procesului de gătit fără a fi necesară deschiderea vaselor, păstrând căldura și aroma mâncărurilor.

💎 Conținutul setului

— Ibric 1,2 l cu capac, diametru 14 cm
— Oală 1,7 l cu capac din sticlă, diametru 16 cm
— Oală 2,5 l cu capac din sticlă, diametru 18 cm
— Oală 3,4 l cu capac din sticlă, diametru 20 cm
— Oală 4,5 l cu capac din sticlă, diametru 22 cm
— Oală 5,8 l cu capac din sticlă, diametru 24 cm

🖐️ Confort în utilizare

Mânerele comode și designul bine gândit asigură o utilizare confortabilă în timpul gătirii, iar aspectul modern al setului va completa armonios orice bucătărie.
✨ Acesta este un set practic și versatil pentru gătit zilnic cu confort și plăcere."
no,5,набір каструль,89,183,Stort grytesett 12 deler rustfritt stål induksjon,"Grytesett — universell løsning for komfortabel matlaging hver dag

Det praktiske grytesettet vil bli en utmerket hjelper for daglig tilberedning av ulike retter. Ulike volumer på kokekarene gjør det mulig å tilberede bekvemt både små porsjoner og retter for hele familien.

✨ Ideelt for daglig bruk

Settet er perfekt for:
✔️ tilberedning av supper og buljonger
✔️ tilbehør og sauser
✔️ stuving av grønnsaker og kjøtt
✔️ koking av pasta, grøt og andre retter
✔️ daglig bruk på ethvert kjøkken

🔥 Jevn varmefordeling

Grytene varmes opp raskt og fordeler varmen jevnt, noe som bidrar til komfortabel og kvalitativ tilberedning av favorittretter.

🍲 Glasslokk for bekvemmelighet

Transparente glasslokk gjør det enkelt å kontrollere matlagingsprosessen uten å åpne kokekarene, og bevarer varme og aroma i rettene.

💎 Innhold i settet

— Kasserolle 1,2 l med lokk, diameter 14 cm
— Gryte 1,7 l med glasslokk, diameter 16 cm
— Gryte 2,5 l med glasslokk, diameter 18 cm
— Gryte 3,4 l med glasslokk, diameter 20 cm
— Gryte 4,5 l med glasslokk, diameter 22 cm
— Gryte 5,8 l med glasslokk, diameter 24 cm

🖐️ Komfort i bruk

Komfortable håndtak og gjennomtenkt design sikrer komfortabel bruk under matlaging, og det moderne utseendet til settet vil harmonisk utfylle ethvert kjøkken.
✨ Dette er et praktisk og allsidig sett for daglig matlaging med komfort og glede."
