мова,категория,артикуль,ціна,назва,опис,характеристики
uk,сковородки,55-333-477,30,Набір сковорідок Berlin Krauff ⌀26см та ⌀28см,"Сковорода Berlin Krauff ⌀28 см, Сковорода Berlin Krauff ⌀26 см","Кованый алюминий
Равномерный нагрев и антипригарное покрытие
Удобная и эргономичная ручка
Подходит для интенсивного использования
Сковорода устойчива к деформациям"
ru,сковородки,55-333-477,30,Набор сковородок Berlin Krauff ⌀26см и ⌀28см,"Сковорода Berlin Krauff ⌀28 см, Сковорода Berlin Krauff ⌀26 см","Кованый алюминий
Равномерный нагрев и антипригарное покрытие
Удобная и эргономичная ручка
Подходит для интенсивного использования
Сковорода устойчива к деформациям"
de,сковородки,55-333-477,30,Pfannen-Set Berlin Krauff ⌀26cm und ⌀28cm,"Pfanne Berlin Krauff ⌀28 cm, Pfanne Berlin Krauff ⌀26 cm","Geschmiedetes Aluminium
Gleichmäßige Erwärmung und Antihaftbeschichtung
Bequemer und ergonomischer Griff
Geeignet für intensiven Einsatz
Verzerrungsresistente Pfanne"
ro,сковородки,55-333-477,30,Set tigăi Berlin Krauff ⌀26cm și ⌀28cm,"Tigaie Berlin Krauff ⌀28 cm, Tigaie Berlin Krauff ⌀26 cm","Aluminiu forjat
Încălzire uniformă și acoperire antiaderentă
Mâner confortabil și ergonomic
Potrivit pentru utilizare intensivă
Tigaia rezistă la deformări"
no,сковородки,55-333-477,30,Stekepannesett Berlin Krauff ⌀26cm og ⌀28cm,"Stekepanne Berlin Krauff ⌀28 cm, Stekepanne Berlin Krauff ⌀26 cm","Smidd aluminium
Jevn oppvarming og non-stick belegg
Komfortabelt og ergonomisk håndtak
Egnet for intensiv bruk
Stekepannen er motstandsdyktig mot deformasjon"
uk,сковородки,55-333-527,22,Сковорода глибока 28 см Krauff Fry Power,Глибока сковорода Fry Power діаметром 28 см,"Инновационное антипригарное покрытие нового поколения
Равномерный нагрев по всей поверхности
Удобная эргономичная ручка
Подходит для всех типов плит
Сковорода устойчива к деформациям"
ru,сковородки,55-333-527,22,Сковорода глубокая 28 см Krauff Fry Power,Глубокая сковорода Fry Power диаметром 28 см,"Инновационное антипригарное покрытие нового поколения
Равномерный нагрев по всей поверхности
Удобная эргономичная ручка
Подходит для всех типов плит
Сковорода устойчива к деформациям"
de,сковородки,55-333-527,22,Tiefe Pfanne 28 cm Krauff Fry Power,Tiefe Pfanne Fry Power mit 28 cm Durchmesser,"Innovative Antihaftbeschichtung der neuen Generation
Gleichmäßige Erwärmung über die gesamte Fläche
Bequemer ergonomischer Griff
Geeignet für alle Herdarten
Verzerrungsresistente Pfanne"
ro,сковородки,55-333-527,22,Tigaie adâncă 28 cm Krauff Fry Power,Tigaie adâncă Fry Power cu diametrul de 28 cm,"Acoperire antiaderentă inovatoare de nouă generație
Încălzire uniformă pe toată suprafața
Mâner confortabil și ergonomic
Potrivit pentru toate tipurile de aragaze
Tigaia rezistă la deformări"
no,сковородки,55-333-527,22,Dyp stekepanne 28 cm Krauff Fry Power,Dyp stekepanne Fry Power med diameter 28 cm,"Innovativt non-stick belegg av ny generasjon
Jevn oppvarming over hele flaten
Komfortabelt ergonomisk håndtak
Passer til alle komfyrtyper
Stekepannen er motstandsdyktig mot deformasjon"
uk,сковородки,28546,47,Набір сковорідок Transform Krauff,"Сковорода для млинців Transform Krauff 24 см, Сковорода універсальна Transform Krauff 26 см, 24см","-Съемная ручка – можно жарить и запекать в духовке
-Кованый алюминий
-равномерный нагрев и антипригарное покрытие
-Удобная и эргономичная ручка
-Подходит для интенсивного использования
-Сковорода устойчива к деформациям"
ru,сковородки,28546,47,Набор сковородок Transform Krauff,"Сковорода для блинов Transform Krauff 24 см, Сковорода универсальная Transform Krauff 26 см, 24см","-Съёмная ручка – можно жарить и запекать в духовке
-Кованый алюминий
-равномерный нагрев и антипригарное покрытие
-Удобная и эргономичная ручка
-Подходит для интенсивного использования
-Сковорода устойчива к деформациям"
de,сковородки,28546,47,Pfannen-Set Transform Krauff,"Pfannkuchenpfanne Transform Krauff 24 cm, Universalpfanne Transform Krauff 26 cm, 24cm","-Abnehmbarer Griff – zum Braten und Backen im Ofen geeignet
-Geschmiedetes Aluminium
-Gleichmäßige Erwärmung und Antihaftbeschichtung
-Bequemer und ergonomischer Griff
-Geeignet für intensiven Einsatz
-Verzerrungsresistente Pfanne"
ro,сковородки,28546,47,Set tigăi Transform Krauff,"Tigaie pentru clătite Transform Krauff 24 cm, Tigaie universală Transform Krauff 26 cm, 24cm","-Mâner detașabil – poate fi utilizat la cuptor
-Aluminiu forjat
-Încălzire uniformă și acoperire antiaderentă
-Mâner confortabil și ergonomic
-Potrivit pentru utilizare intensivă
-Tigaia rezistă la deformări"
no,сковородки,28546,47,Stekepannesett Transform Krauff,"Pannekakepanne Transform Krauff 24 cm, Universalpanne Transform Krauff 26 cm, 24cm","-Avtakbart håndtak – kan stekes og bakes i ovn
-Smidd aluminium
-Jevn oppvarming og non-stick belegg
-Komfortabelt og ergonomisk håndtak
-Egnet for intensiv bruk
-Stekepannen er motstandsdyktig mot deformasjon"
uk,кастрюли,55-333-675,53,"Набір каструль з ковшем Steil + ПОДАРУНКИ: Лопатка, ополоник, картоплемялка","Каструля із кришкою 5,8 л; Каструля із кришкою 4,5 л; Каструля із кришкою 3,4 л; Каструля з кришкою 2,5 л; Каструля із кришкою 1,7 л; Ківш із кришкою 1,2 л; Лопатка; Половник; Толкушка для картоплі","Нержавеющая сталь
5-слойное капсульное дно
Шесть элементов для любых задач
Подходит для всех типов плит"
ru,кастрюли,55-333-675,53,"Набор кастрюль с ковшом Steil + ПОДАРКИ: Лопатка, половник, толкушка","Кастрюля с крышкой 5,8 л; Кастрюля с крышкой 4,5 л; Кастрюля с крышкой 3,4 л; Кастрюля с крышкой 2,5 л; Кастрюля с крышкой 1,7 л; Ковш с крышкой 1,2 л; Лопатка; Половник; Толкушка для картофеля","Нержавеющая сталь
5-слойное капсульное дно
Шесть элементов для любых задач
Подходит для всех типов плит"
de,кастрюли,55-333-675,53,"Topfset mit Schöpfkelle Steil + GESCHENKE: Pfannenwender, Schöpflöffel, Kartoffelstampfer","Topf mit Deckel 5,8 l; Topf mit Deckel 4,5 l; Topf mit Deckel 3,4 l; Topf mit Deckel 2,5 l; Topf mit Deckel 1,7 l; Schöpfkelle mit Deckel 1,2 l; Pfannenwender; Schöpflöffel; Kartoffelstampfer","Edelstahl
5-lagiger Kapselböden
Sechs Elemente für jede Aufgabe
Geeignet für alle Herdarten"
ro,кастрюли,55-333-675,53,"Set oale cu polonic Steil + CADOURI: Spatulă, polonic, pasator de cartofi","Oală cu capac 5,8 l; Oală cu capac 4,5 l; Oală cu capac 3,4 l; Oală cu capac 2,5 l; Oală cu capac 1,7 l; Polonic cu capac 1,2 l; Spatulă; Polonic; Pasator de cartofi","Oțel inoxidabil
Fund capsulat cu 5 straturi
Șase elemente pentru orice sarcină
Potrivit pentru toate tipurile de aragaze"
no,кастрюли,55-333-675,53,"Kasserolle-sett med øse Steil + GAVER: Stekespade, suppeskje, potetstamper","Kasserolle med lokk 5,8 l; Kasserolle med lokk 4,5 l; Kasserolle med lokk 3,4 l; Kasserolle med lokk 2,5 l; Kasserolle med lokk 1,7 l; Øse med lokk 1,2 l; Stekespade; Suppeskje; Potetstamper","Rustfritt stål
5-lags kapselbunnbunn
Seks elementer for alle oppgaver
Passer til alle komfyrtyper"
uk,кастрюли,55-333-644,107,"Набір посуду 12 предметів Krauff Saporis та сковорідки Berlin 26, 28 см","Каструлі з кришками: 1.5 л 2.0 л 3.0 л 5.0 л Сотейник 3.0 л з кришкою Ківш 1.5 л з кришкою Сковорода Berlin 26 см , 28 см","5-слойное капсульное дно;
Нержавеющая сталь премиумкласса;
Стеклянные крышки позволяют контролировать блюдо без потери тепла;
Ручки не нагреваются;
Универсальность: набор совместим со всеми типами плит, включая индукцию."
ru,кастрюли,55-333-644,107,"Набор посуды 12 предметов Krauff Saporis и сковородки Berlin 26, 28 см","Кастрюли с крышками: 1.5 л 2.0 л 3.0 л 5.0 л Сотейник 3.0 л с крышкой Ковш 1.5 л с крышкой Сковорода Berlin 26 см, 28 см","5-слойное капсульное дно;
Нержавеющая сталь премиум-класса;
Стеклянные крышки позволяют контролировать блюдо без потери тепла;
Ручки не нагреваются;
Универсальность: набор совместим со всеми типами плит, включая индукцию."
de,кастрюли,55-333-644,107,"Kochgeschirr-Set 12-teilig Krauff Saporis und Pfannen Berlin 26, 28 cm","Töpfe mit Deckeln: 1,5 l 2,0 l 3,0 l 5,0 l Bratentopf 3,0 l mit Deckel Schöpfkelle 1,5 l mit Deckel Pfanne Berlin 26 cm, 28 cm","5-lagiger Kapselboden;
Edelstahl der Premiumklasse;
Glasdeckel ermöglichen die Kontrolle des Gerichts ohne Wärmeverlust;
Griffe erhitzen sich nicht;
Vielseitigkeit: Set kompatibel mit allen Herdarten, einschließlich Induktion."
ro,кастрюли,55-333-644,107,"Set de gătit 12 piese Krauff Saporis și tigăi Berlin 26, 28 cm","Oale cu capace: 1,5 l 2,0 l 3,0 l 5,0 l Cratiță 3,0 l cu capac Polonic 1,5 l cu capac Tigaie Berlin 26 cm, 28 cm","Fund capsulat cu 5 straturi;
Oțel inoxidabil premium;
Capacele din sticlă permit controlul preparatelor fără pierderi de căldură;
Mânerele nu se încălzesc;
Versatilitate: setul este compatibil cu toate tipurile de aragaze, inclusiv inducție."
no,кастрюли,55-333-644,107,"Kokekar-sett 12 deler Krauff Saporis og stekepanner Berlin 26, 28 cm","Kasseroller med lokk: 1,5 l 2,0 l 3,0 l 5,0 l Stekegryte 3,0 l med lokk Øse 1,5 l med lokk Stekepanne Berlin 26 cm, 28 cm","5-lags kapselbunnbunn;
Premium rustfritt stål;
Glasslokk gir mulighet til å kontrollere maten uten varmetap;
Håndtakene varmes ikke opp;
Allsidighet: settet er kompatibelt med alle komfyrtyper, inkludert induksjon."
uk,кастрюли,28473,66,Набір каструль Steil Krauff з ковшом,"Ківш 1,2л з кришкою Steil ⌀14см; Каструля 1,7л зі скляною кришкою Steil ⌀16см; Каструля 2,5л зі скляною кришкою Steil ⌀18см; Каструля 3,4л зі скляною кришкою Steil ⌀ 20см; Каструля 4,5л зі скляною кришкою Steil ⌀ 22см; Каструля 5,8л зі скляною кришкою Steil ⌀ 24см;","5-слойное термоаккумулирующее дно,
высококачественная нержавеющая сталь (18/10),
крышка с выпуском пара, мерная шкала,
можно мыть в посудомоечной машине."
ru,кастрюли,28473,66,Набор кастрюль Steil Krauff с ковшом,"Ковш 1,2л с крышкой Steil ⌀14см; Кастрюля 1,7л со стеклянной крышкой Steil ⌀16см; Кастрюля 2,5л со стеклянной крышкой Steil ⌀18см; Кастрюля 3,4л со стеклянной крышкой Steil ⌀20см; Кастрюля 4,5л со стеклянной крышкой Steil ⌀22см; Кастрюля 5,8л со стеклянной крышкой Steil ⌀24см;","5-слойное термоаккумулирующее дно,
высококачественная нержавеющая сталь (18/10),
крышка с выпуском пара, мерная шкала,
можно мыть в посудомоечной машине."
de,кастрюли,28473,66,Topfset Steil Krauff mit Schöpfkelle,"Schöpfkelle 1,2l mit Deckel Steil ⌀14cm; Topf 1,7l mit Glasdeckel Steil ⌀16cm; Topf 2,5l mit Glasdeckel Steil ⌀18cm; Topf 3,4l mit Glasdeckel Steil ⌀20cm; Topf 4,5l mit Glasdeckel Steil ⌀22cm; Topf 5,8l mit Glasdeckel Steil ⌀24cm;","5-lagiger wärmespeichernder Boden,
hochwertiger Edelstahl (18/10),
Deckel mit Dampfventil, Maßskala,
spülmaschinenfest."
ro,кастрюли,28473,66,Set oale Steil Krauff cu polonic,"Polonic 1,2l cu capac Steil ⌀14cm; Oală 1,7l cu capac din sticlă Steil ⌀16cm; Oală 2,5l cu capac din sticlă Steil ⌀18cm; Oală 3,4l cu capac din sticlă Steil ⌀20cm; Oală 4,5l cu capac din sticlă Steil ⌀22cm; Oală 5,8l cu capac din sticlă Steil ⌀24cm;","Fund termoaccumulator cu 5 straturi,
oțel inoxidabil de înaltă calitate (18/10),
capac cu supapă de abur, scară gradată,
poate fi spălat în mașina de spălat vase."
no,кастрюли,28473,66,Kasserolle-sett Steil Krauff med øse,"Øse 1,2l med lokk Steil ⌀14cm; Kasserolle 1,7l med glasslokk Steil ⌀16cm; Kasserolle 2,5l med glasslokk Steil ⌀18cm; Kasserolle 3,4l med glasslokk Steil ⌀20cm; Kasserolle 4,5l med glasslokk Steil ⌀22cm; Kasserolle 5,8l med glasslokk Steil ⌀24cm;","5-lags varmeholden bunn,
høykvalitets rustfritt stål (18/10),
lokk med dampventil, måleskalering,
oppvaskmaskinfast."
uk,кастрюли,28567,71,Набір каструль Steil Krauff + ПОДАРУНОК: Сковорода для млинців 24 см Fry Power,"Каструля 5,8 л Каструля 4,5 л Каструля 3,4 л Каструля 2,5 л Каструля 1,7 л Ківш 1,2 л Сковорода для млинців 24 см Fry Power","Нержавеющая сталь
5-шаровое капсульное дно
Равномерный нагрев
Подходить для всех типов плит
Крышки из закаленного стекла"
ru,кастрюли,28567,71,Набор кастрюль Steil Krauff + ПОДАРОК: Сковорода для блинов 24 см Fry Power,"Кастрюля 5,8 л Кастрюля 4,5 л Кастрюля 3,4 л Кастрюля 2,5 л Кастрюля 1,7 л Ковш 1,2 л Сковорода для блинов 24 см Fry Power","Нержавеющая сталь
5-слойное капсульное дно
Равномерный нагрев
Подходит для всех типов плит
Крышки из закалённого стекла"
de,кастрюли,28567,71,Topfset Steil Krauff + GESCHENK: Pfannkuchenpfanne 24 cm Fry Power,"Topf 5,8 l Topf 4,5 l Topf 3,4 l Topf 2,5 l Topf 1,7 l Schöpfkelle 1,2 l Pfannkuchenpfanne 24 cm Fry Power","Edelstahl
5-lagiger Kapselboden
Gleichmäßige Erwärmung
Geeignet für alle Herdarten
Deckel aus gehärtetem Glas"
ro,кастрюли,28567,71,Set oale Steil Krauff + CADOU: Tigaie pentru clătite 24 cm Fry Power,"Oală 5,8 l Oală 4,5 l Oală 3,4 l Oală 2,5 l Oală 1,7 l Polonic 1,2 l Tigaie pentru clătite 24 cm Fry Power","Oțel inoxidabil
Fund capsulat cu 5 straturi
Încălzire uniformă
Potrivit pentru toate tipurile de aragaze
Capace din sticlă călită"
no,кастрюли,28567,71,Kasserolle-sett Steil Krauff + GAVE: Pannekakepanne 24 cm Fry Power,"Kasserolle 5,8 l Kasserolle 4,5 l Kasserolle 3,4 l Kasserolle 2,5 l Kasserolle 1,7 l Øse 1,2 l Pannekakepanne 24 cm Fry Power","Rustfritt stål
5-lags kapselbunnbunn
Jevn oppvarming
Passer til alle komfyrtyper
Lokk av herdet glass"
uk,кастрюли,55-333-554,85,Набір каструль Prime Chef Krauff з сотейником,"Ківш Prime Chef Krauff 2.1 л, 16 см з кришкою; Каструля Prime Chef Krauff 3.8 л, 20 см з кришкою; Каструля Prime Chef Krauff 6.3 л, 24 см з кришкою; Сковорідка Prime Chef Krauff 24 см з антипригарним покриттям;","5-слойное термоаккумулирующее дно,
Высококачественная нержавеющая сталь (18/10),
Крышка с паровыпуском."
ru,кастрюли,55-333-554,85,Набор кастрюль Prime Chef Krauff с сотейником,"Ковш Prime Chef Krauff 2,1 л, 16 см с крышкой; Кастрюля Prime Chef Krauff 3,8 л, 20 см с крышкой; Кастрюля Prime Chef Krauff 6,3 л, 24 см с крышкой; Сковорода Prime Chef Krauff 24 см с антипригарным покрытием;","5-слойное термоаккумулирующее дно,
Высококачественная нержавеющая сталь (18/10),
Крышка с паровыпуском."
de,кастрюли,55-333-554,85,Topfset Prime Chef Krauff mit Bratentopf,"Schöpfkelle Prime Chef Krauff 2,1 l, 16 cm mit Deckel; Topf Prime Chef Krauff 3,8 l, 20 cm mit Deckel; Topf Prime Chef Krauff 6,3 l, 24 cm mit Deckel; Pfanne Prime Chef Krauff 24 cm mit Antihaftbeschichtung;","5-lagiger wärmespeichernder Boden,
Hochwertiger Edelstahl (18/10),
Deckel mit Dampfventil."
ro,кастрюли,55-333-554,85,Set oale Prime Chef Krauff cu cratiță,"Polonic Prime Chef Krauff 2,1 l, 16 cm cu capac; Oală Prime Chef Krauff 3,8 l, 20 cm cu capac; Oală Prime Chef Krauff 6,3 l, 24 cm cu capac; Tigaie Prime Chef Krauff 24 cm cu acoperire antiaderentă;","Fund termoaccumulator cu 5 straturi,
Oțel inoxidabil de înaltă calitate (18/10),
Capac cu supapă de abur."
no,кастрюли,55-333-554,85,Kasserolle-sett Prime Chef Krauff med stekegryte,"Øse Prime Chef Krauff 2,1 l, 16 cm med lokk; Kasserolle Prime Chef Krauff 3,8 l, 20 cm med lokk; Kasserolle Prime Chef Krauff 6,3 l, 24 cm med lokk; Stekepanne Prime Chef Krauff 24 cm med non-stick belegg;","5-lags varmeholden bunn,
Høykvalitets rustfritt stål (18/10),
Lokk med dampventil."
uk,кастрюли,28460,131,"Набір для кухні ""Преміальний""",каструля 1.8 л з кришкою; каструля 2.5 л з кришкою; каструля 3.5 л з кришкою; каструля 6.3 л з кришкою;,"5-слойное капсульное дно;
Нержавеющая сталь премиум-класса;
Удобные ручки и термостойкие стеклянные крышки;
Специальная конструкция кастрюли и крышки для слива жидкости."
ru,кастрюли,28460,131,"Набор для кухни ""Премиальный""","кастрюля 1,8 л с крышкой; кастрюля 2,5 л с крышкой; кастрюля 3,5 л с крышкой; кастрюля 6,3 л с крышкой;","5-слойное капсульное дно;
Нержавеющая сталь премиум-класса;
Удобные ручки и термостойкие стеклянные крышки;
Специальная конструкция кастрюли и крышки для слива жидкости."
de,кастрюли,28460,131,"Küchen-Set ""Premium""","Topf 1,8 l mit Deckel; Topf 2,5 l mit Deckel; Topf 3,5 l mit Deckel; Topf 6,3 l mit Deckel;","5-lagiger Kapselboden;
Edelstahl der Premiumklasse;
Bequeme Griffe und hitzebeständige Glasdeckel;
Spezielle Konstruktion von Topf und Deckel zum Abgießen von Flüssigkeiten."
ro,кастрюли,28460,131,"Set de bucătărie ""Premium""","oală 1,8 l cu capac; oală 2,5 l cu capac; oală 3,5 l cu capac; oală 6,3 l cu capac;","Fund capsulat cu 5 straturi;
Oțel inoxidabil premium;
Mânere confortabile și capace din sticlă termorezistentă;
Constructie specială a oalei și capacului pentru scurgerea lichidelor."
no,кастрюли,28460,131,"Kjøkkensett ""Premium""","kasserolle 1,8 l med lokk; kasserolle 2,5 l med lokk; kasserolle 3,5 l med lokk; kasserolle 6,3 l med lokk;","5-lags kapselbunnbunn;
Premium rustfritt stål;
Komfortable håndtak og varmebestandige glasslokk;
Spesiell konstruksjon av kasserolle og lokk for avrenning av væske."
uk,кастрюли,55-333-535,38,"Каструля Smart Fry Krauff 6,6л зі скляною кришкою +ПОДАРУНОК: лопатка, ополоник та картоплемялка","Каструля Krauff Smart Fry 6,6 л Ø28 см з кришкою Лопатка Krauff Ополоник Krauff Картоплемялка Krauff","Прочный кованый алюминий
Антипригарное покрытие Greblon C2
Тепловой индикатор в виде пламени
Ручки с покрытием soft-touch
Совместимость со всеми типами плит, включая индукционные"
ru,кастрюли,55-333-535,38,"Кастрюля Smart Fry Krauff 6,6л со стеклянной крышкой +ПОДАРОК: лопатка, половник и толкушка","Кастрюля Krauff Smart Fry 6,6 л Ø28 см с крышкой Лопатка Krauff Половник Krauff Толкушка Krauff","Прочный кованый алюминий
Антипригарное покрытие Greblon C2
Тепловой индикатор в виде пламени
Ручки с покрытием soft-touch
Совместимость со всеми типами плит, включая индукционные"
de,кастрюли,55-333-535,38,"Topf Smart Fry Krauff 6,6l mit Glasdeckel +GESCHENK: Pfannenwender, Schöpflöffel und Kartoffelstampfer","Topf Krauff Smart Fry 6,6 l Ø28 cm mit Deckel Pfannenwender Krauff Schöpflöffel Krauff Kartoffelstampfer Krauff","Robustes geschmiedetes Aluminium
Antihaftbeschichtung Greblon C2
Temperaturanzeige in Form einer Flamme
Griffe mit Soft-Touch-Beschichtung
Kompatibel mit allen Herdarten, einschließlich Induktion"
ro,кастрюли,55-333-535,38,"Oală Smart Fry Krauff 6,6l cu capac din sticlă +CADOU: spatulă, polonic și pasator de cartofi","Oală Krauff Smart Fry 6,6 l Ø28 cm cu capac Spatulă Krauff Polonic Krauff Pasator de cartofi Krauff","Aluminiu forjat rezistent
Acoperire antiaderentă Greblon C2
Indicator de căldură în formă de flacără
Mânere cu acoperire soft-touch
Compatibil cu toate tipurile de aragaze, inclusiv inducție"
no,кастрюли,55-333-535,38,"Kasserolle Smart Fry Krauff 6,6l med glasslokk +GAVE: stekespade, suppeskje og potetstamper","Kasserolle Krauff Smart Fry 6,6 l Ø28 cm med lokk Stekespade Krauff Suppeskje Krauff Potetstamper Krauff","Robust smidd aluminium
Non-stick belegg Greblon C2
Temperaturindikator i form av flamme
Håndtak med soft-touch belegg
Kompatibel med alle komfyrtyper, inkludert induksjon"
uk,кастрюли,28480,23,"Каструлі Krauff серії Winzig 1,2 л і 0,7 л","Каструля Winzig з кришкою на 1,2 л; Каструля Winzig з кришкою на 0,7 л;","5-слойное термоаккумулирующее дно,
высококачественная нержавеющая сталь (18/10),
крышка с паровыпуском."
ru,кастрюли,28480,23,"Кастрюли Krauff серии Winzig 1,2 л и 0,7 л","Кастрюля Winzig с крышкой 1,2 л; Кастрюля Winzig с крышкой 0,7 л;","5-слойное термоаккумулирующее дно,
высококачественная нержавеющая сталь (18/10),
крышка с паровыпуском."
de,кастрюли,28480,23,"Töpfe Krauff Serie Winzig 1,2 l und 0,7 l","Topf Winzig mit Deckel 1,2 l; Topf Winzig mit Deckel 0,7 l;","5-lagiger wärmespeichernder Boden,
Hochwertiger Edelstahl (18/10),
Deckel mit Dampfventil."
ro,кастрюли,28480,23,"Oale Krauff seria Winzig 1,2 l și 0,7 l","Oală Winzig cu capac 1,2 l; Oală Winzig cu capac 0,7 l;","Fund termoaccumulator cu 5 straturi,
Oțel inoxidabil de înaltă calitate (18/10),
Capac cu supapă de abur."
no,кастрюли,28480,23,"Kasseroller Krauff serie Winzig 1,2 l og 0,7 l","Kasserolle Winzig med lokk 1,2 l; Kasserolle Winzig med lokk 0,7 l;","5-lags varmeholden bunn,
Høykvalitets rustfritt stål (18/10),
Lokk med dampventil."
uk,кастрюли,55-333-419,49,"Набір каструль Elite Krauff 1,3л, 1,9л, 4,7л","Каструля з кришкою 1,9 л 16 см, Каструля з кришкою 1,3 л 14 см, Каструля з кришкою 4,7 л 22 см, Каструля з кришкою 6,1 л 24 см","Термоаккумулирующее 5-ти слойное дно.
Эргономичные ручки с soft-touch покрытием.
Термостойкая градация литража.
Термостойкое стекло с отверстием для выхода пара."
ru,кастрюли,55-333-419,49,"Набор кастрюль Elite Krauff 1,3л, 1,9л, 4,7л","Кастрюля с крышкой 1,9 л 16 см, Кастрюля с крышкой 1,3 л 14 см, Кастрюля с крышкой 4,7 л 22 см, Кастрюля с крышкой 6,1 л 24 см","Термоаккумулирующее 5-слойное дно.
Эргономичные ручки с soft-touch покрытием.
Термостойкая градация литража.
Термостойкое стекло с отверстием для выхода пара."
de,кастрюли,55-333-419,49,"Topfset Elite Krauff 1,3l, 1,9l, 4,7l","Topf mit Deckel 1,9 l 16 cm, Topf mit Deckel 1,3 l 14 cm, Topf mit Deckel 4,7 l 22 cm, Topf mit Deckel 6,1 l 24 cm","5-lagiger wärmespeichernder Boden.
Ergonomische Griffe mit Soft-Touch-Beschichtung.
Hitzebeständige Litermarkierung.
Hitzebeständiges Glas mit Dampfventil."
ro,кастрюли,55-333-419,49,"Set oale Elite Krauff 1,3l, 1,9l, 4,7l","Oală cu capac 1,9 l 16 cm, Oală cu capac 1,3 l 14 cm, Oală cu capac 4,7 l 22 cm, Oală cu capac 6,1 l 24 cm","Fund termoaccumulator cu 5 straturi.
Mânere ergonomice cu acoperire soft-touch.
Gradație de litraj termorezistentă.
Sticlă termorezistentă cu orificiu pentru abur."
no,кастрюли,55-333-419,49,"Kasserolle-sett Elite Krauff 1,3l, 1,9l, 4,7l","Kasserolle med lokk 1,9 l 16 cm, Kasserolle med lokk 1,3 l 14 cm, Kasserolle med lokk 4,7 l 22 cm, Kasserolle med lokk 6,1 l 24 cm","5-lags varmeholden bunn.
Ergonomiske håndtak med soft-touch belegg.
Varmebestandig literskala.
Varmebestandig glass med dampventil."
uk,кастрюли,55-333-462,90,"Набір каструль Cook&Joy 4,6л, 3,5л, 1,8л та сковорідок Smart Fry Krauff + ПОДАРУНКИ: Сковорода для млинців Smart Fry",,"Индикатор нагрева в виде огня внутри
Стеклянная термостойкая крышка - контроль без открывания.
Нержавеющая сталь 18/10 — надежная основа для приготовления."
ru,кастрюли,55-333-462,90,"Набор кастрюль Cook&Joy 4,6л, 3,5л, 1,8л и сковородок Smart Fry Krauff + ПОДАРКИ: Сковорода для блинов Smart Fry",,"Индикатор нагрева в виде огня внутри
Стеклянная термостойкая крышка – контроль без открывания.
Нержавеющая сталь 18/10 – надёжная основа для приготовления."
de,кастрюли,55-333-462,90,"Topfset Cook&Joy 4,6l, 3,5l, 1,8l und Pfannen Smart Fry Krauff + GESCHENKE: Pfannkuchenpfanne Smart Fry",,"Heizungsanzeige in Form einer Flamme innen
Hitzebeständiger Glasdeckel – Kontrolle ohne Öffnen.
Edelstahl 18/10 – zuverlässige Basis zum Kochen."
ro,кастрюли,55-333-462,90,"Set oale Cook&Joy 4,6l, 3,5l, 1,8l și tigăi Smart Fry Krauff + CADOURI: Tigaie pentru clătite Smart Fry",,"Indicator de încălzire în formă de flacără interior
Capac din sticlă termorezistentă – control fără deschidere.
Oțel inoxidabil 18/10 – bază fiabilă pentru gătit."
no,кастрюли,55-333-462,90,"Kasserolle-sett Cook&Joy 4,6l, 3,5l, 1,8l og stekepanner Smart Fry Krauff + GAVER: Pannekakepanne Smart Fry",,"Varmeindikator i form av flamme innvendig
Varmebestandig glasslokk – kontroll uten åpning.
Rustfritt stål 18/10 – pålitelig grunnlag for matlaging."
uk,кастрюли,28827,29,"Каструля Krauff Moxie 6,5 л +ПОДАРУНОК: Підставка Krauff Galaxy",Каструля Krauff Moxie зі скляною кришкою 6.5 л ⌀24 см; Підставка під гаряче Krauff Galaxy.,"-толщина стенки 0,5мм;
-ручки с силиконовыми вставками;
-5-ти слойное термоаккумулирующее индукционное дно;
-зеркальная полировка снаружи и внутри;
-возможность слива жидкости благодаря конструктиву кастрюли (носик), специальная крышка с отверстиями для слива жидкости."
ru,кастрюли,28827,29,"Кастрюля Krauff Moxie 6,5 л +ПОДАРОК: Подставка Krauff Galaxy","Кастрюля Krauff Moxie со стеклянной крышкой 6,5 л ⌀24 см; Подставка под горячее Krauff Galaxy.","-толщина стенки 0,5мм;
-ручки с силиконовыми вставками;
-5-слойное термоаккумулирующее индукционное дно;
-зеркальная полировка снаружи и внутри;
-возможность слива жидкости благодаря конструктиву кастрюли (носик), специальная крышка с отверстиями для слива жидкости."
de,кастрюли,28827,29,"Topf Krauff Moxie 6,5 l +GESCHENK: Untersetzer Krauff Galaxy","Topf Krauff Moxie mit Glasdeckel 6,5 l ⌀24 cm; Untersetzer für Heißes Krauff Galaxy.","-Wandstärke 0,5mm;
-Griffe mit Silikoneinlagen;
-5-lagiger wärmespeichernder Induktionsboden;
-Spiegelpolierung innen und außen;
-Möglichkeit zum Abgießen von Flüssigkeiten dank der Topfkonstruktion (Ausguss), spezieller Deckel mit Abflussöffnungen."
ro,кастрюли,28827,29,"Oală Krauff Moxie 6,5 l +CADOU: Suport Krauff Galaxy","Oală Krauff Moxie cu capac din sticlă 6,5 l ⌀24 cm; Suport pentru vase fierbinți Krauff Galaxy.","-grosimea peretelui 0,5mm;
-mânere cu inserții de silicon;
-fund de inducție termoaccumulator cu 5 straturi;
-lustruire oglindă în exterior și interior;
-posibilitate de scurgere a lichidelor datorită construcției oalei (cioc), capac special cu orificii de scurgere."
no,кастрюли,28827,29,"Kasserolle Krauff Moxie 6,5 l +GAVE: Underlag Krauff Galaxy","Kasserolle Krauff Moxie med glasslokk 6,5 l ⌀24 cm; Varmunderlag Krauff Galaxy.","-veggtykkelse 0,5mm;
-håndtak med silikoninnlegg;
-5-lags varmeholden induksjonsbunn;
-speilpolering utvendig og innvendig;
-mulighet for avrenning av væske takket være kasserollens konstruksjon (tut), spesiallokk med avrenningsåpninger."
uk,кастрюли,55-333-641,52,"Каструля з кришкою Smart Fry 2,3л, 6,6л","Каструля з кришкою Smart Fry 2,3л, Каструля з кришкою Smart Fry 6,6л","5-слойное капсульное дно;
Совместимость со всеми типами плит;
нержавеющая сталь 18/10 премиум-класса;"
ru,кастрюли,55-333-641,52,"Кастрюля с крышкой Smart Fry 2,3л, 6,6л","Кастрюля с крышкой Smart Fry 2,3л, Кастрюля с крышкой Smart Fry 6,6л","5-слойное капсульное дно;
Совместимость со всеми типами плит;
Нержавеющая сталь 18/10 премиум-класса;"
de,кастрюли,55-333-641,52,"Topf mit Deckel Smart Fry 2,3l, 6,6l","Topf mit Deckel Smart Fry 2,3l, Topf mit Deckel Smart Fry 6,6l","5-lagiger Kapselboden;
Kompatibel mit allen Herdarten;
Edelstahl 18/10 der Premiumklasse;"
ro,кастрюли,55-333-641,52,"Oală cu capac Smart Fry 2,3l, 6,6l","Oală cu capac Smart Fry 2,3l, Oală cu capac Smart Fry 6,6l","Fund capsulat cu 5 straturi;
Compatibil cu toate tipurile de aragaze;
Oțel inoxidabil 18/10 premium;"
no,кастрюли,55-333-641,52,"Kasserolle med lokk Smart Fry 2,3l, 6,6l","Kasserolle med lokk Smart Fry 2,3l, Kasserolle med lokk Smart Fry 6,6l","5-lags kapselbunnbunn;
Kompatibel med alle komfyrtyper;
Premium rustfritt stål 18/10;"
uk,кастрюли,55-333-571,47,"Набір з 2-х каструль Prime Chef Krauff 3.6л, 6.1л + ПОДАРУНОК: Лопатка, ополоник, пензлик","Каструля Prime Chef Krauff 6,1 л Скляна кришка Каструля Prime Chef Krauff 3,6 л Скляна кришка Лопатка Galaxy Ополоник Galaxy Пензлик Galaxy","Нержавеющая сталь 18/10;
5-слойное капсульное дно;
Совместимость со всеми плитами;
Складные бакелитовые ручки;
Встроенная мерная шкала;
Стеклянные крышки."
ru,кастрюли,55-333-571,47,"Набор из 2-х кастрюль Prime Chef Krauff 3,6л, 6,1л + ПОДАРОК: Лопатка, половник, кисточка","Кастрюля Prime Chef Krauff 6,1 л Стеклянная крышка Кастрюля Prime Chef Krauff 3,6 л Стеклянная крышка Лопатка Galaxy Половник Galaxy Кисточка Galaxy","Нержавеющая сталь 18/10;
5-слойное капсульное дно;
Совместимость со всеми плитами;
Складные бакелитовые ручки;
Встроенная мерная шкала;
Стеклянные крышки."
de,кастрюли,55-333-571,47,"Set aus 2 Töpfen Prime Chef Krauff 3,6l, 6,1l + GESCHENK: Pfannenwender, Schöpflöffel, Pinsel","Topf Prime Chef Krauff 6,1 l Glasdeckel Topf Prime Chef Krauff 3,6 l Glasdeckel Pfannenwender Galaxy Schöpflöffel Galaxy Pinsel Galaxy","Edelstahl 18/10;
5-lagiger Kapselboden;
Kompatibel mit allen Herdarten;
Klappbare Bakelit-Griffe;
Integrierte Maßskala;
Glasdeckel."
ro,кастрюли,55-333-571,47,"Set din 2 oale Prime Chef Krauff 3,6l, 6,1l + CADOU: Spatulă, polonic, pensulă","Oală Prime Chef Krauff 6,1 l Capac din sticlă Oală Prime Chef Krauff 3,6 l Capac din sticlă Spatulă Galaxy Polonic Galaxy Pensulă Galaxy","Oțel inoxidabil 18/10;
Fund capsulat cu 5 straturi;
Compatibil cu toate tipurile de aragaze;
Mânere rabatabile din bachelită;
Scară gradată integrată;
Capace din sticlă."
no,кастрюли,55-333-571,47,"Sett med 2 kasseroller Prime Chef Krauff 3,6l, 6,1l + GAVE: Stekespade, suppeskje, pensel","Kasserolle Prime Chef Krauff 6,1 l Glasslokk Kasserolle Prime Chef Krauff 3,6 l Glasslokk Stekespade Galaxy Suppeskje Galaxy Pensel Galaxy","Rustfritt stål 18/10;
5-lags kapselbunnbunn;
Kompatibel med alle komfyrtyper;
Foldbare bakelit-håndtak;
Integrert literskala;
Glasslokk."
uk,кастрюли,55-333-387,39,"Каструля з кришкою 3,4 л Steil та Сковорода-гриль","Каструля з нержавіючої сталі 3,4 л Ø20 см Krauff; Ложка кулінарна силіконова Schoco.","5-слойное термоаккумулирующее дно;
высококачественная нержавеющая сталь (18/10);
крышка с выпуском пара;
мерная шкала;
можно мыть в посудомоечной машине;
совместимость со всеми видами плит"
ru,кастрюли,55-333-387,39,"Кастрюля с крышкой 3,4 л Steil и Сковорода-гриль","Кастрюля из нержавеющей стали 3,4 л Ø20 см Krauff; Ложка кулинарная силиконовая Schoco.","5-слойное термоаккумулирующее дно;
Высококачественная нержавеющая сталь (18/10);
Крышка с выпуском пара;
Мерная шкала;
Можно мыть в посудомоечной машине;
Совместимость со всеми видами плит"
de,кастрюли,55-333-387,39,"Topf mit Deckel 3,4 l Steil und Grillpfanne","Topf aus Edelstahl 3,4 l Ø20 cm Krauff; Silikonlöffel Schoco.","5-lagiger wärmespeichernder Boden;
Hochwertiger Edelstahl (18/10);
Deckel mit Dampfventil;
Maßskala;
Spülmaschinenfest;
Kompatibel mit allen Herdarten"
ro,кастрюли,55-333-387,39,"Oală cu capac 3,4 l Steil și Tigaie grill","Oală din oțel inoxidabil 3,4 l Ø20 cm Krauff; Lingură culinară din silicon Schoco.","Fund termoaccumulator cu 5 straturi;
Oțel inoxidabil de înaltă calitate (18/10);
Capac cu supapă de abur;
Scară gradată;
Poate fi spălat în mașina de spălat vase;
Compatibil cu toate tipurile de aragaze"
no,кастрюли,55-333-387,39,"Kasserolle med lokk 3,4 l Steil og Grillpanne","Kasserolle i rustfritt stål 3,4 l Ø20 cm Krauff; Silikonmatskje Schoco.","5-lags varmeholden bunn;
Høykvalitets rustfritt stål (18/10);
Lokk med dampventil;
Måleskalering;
Oppvaskmaskinfast;
Kompatibel med alle komfyrtyper"
uk,кастрюли,28483,41,Набір каструль Steil та сковорідки Hamburg,Каструля Krauff Steil 4.5 л з кришкою Каструля Krauff Steil 3.4 л з кришкою Сковорода Hamburg 20 см,"Нержавеющая сталь 18/10
Антипригарное покрытие
Мерная шкала в кастрюлях
Термостойкие ручки на заклёпках
Подходят для всех типов плит"
ru,кастрюли,28483,41,Набор кастрюль Steil и сковороды Hamburg,"Кастрюля Krauff Steil 4,5 л с крышкой Кастрюля Krauff Steil 3,4 л с крышкой Сковорода Hamburg 20 см","Нержавеющая сталь 18/10
Антипригарное покрытие
Мерная шкала в кастрюлях
Термостойкие ручки на заклёпках
Подходят для всех типов плит"
de,кастрюли,28483,41,Topfset Steil und Pfanne Hamburg,"Topf Krauff Steil 4,5 l mit Deckel Topf Krauff Steil 3,4 l mit Deckel Pfanne Hamburg 20 cm","Edelstahl 18/10
Antihaftbeschichtung
Maßskala in den Töpfen
Hitzebeständige Griffe mit Nieten
Geeignet für alle Herdarten"
ro,кастрюли,28483,41,Set oale Steil și tigaie Hamburg,"Oală Krauff Steil 4,5 l cu capac Oală Krauff Steil 3,4 l cu capac Tigaie Hamburg 20 cm","Oțel inoxidabil 18/10
Acoperire antiaderentă
Scară gradată în oale
Mânere termorezistente cu nituri
Potrivit pentru toate tipurile de aragaze"
no,кастрюли,28483,41,Kasserolle-sett Steil og stekepanne Hamburg,"Kasserolle Krauff Steil 4,5 l med lokk Kasserolle Krauff Steil 3,4 l med lokk Stekepanne Hamburg 20 cm","Rustfritt stål 18/10
Non-stick belegg
Måleskalering i kasserollene
Varmebestandige håndtak med nagler
Passer til alle komfyrtyper"
uk,кастрюли,55-333-621,78,Набір каструль Fry Power,"Каструля Fry Power 2,3 л з кришкою; Каструля Fry Power 4,2 л з кришкою; Каструля Fry Power 6,4 л з кришкою;","Кованый алюминий;
Антипригарное покрытие PTFE;
Наружное мраморное покрытие;
Стеклянные крышки с отверстием для пара;
Совместимость со всеми плитами."
ru,кастрюли,55-333-621,78,Набор кастрюль Fry Power,"Кастрюля Fry Power 2,3 л с крышкой; Кастрюля Fry Power 4,2 л с крышкой; Кастрюля Fry Power 6,4 л с крышкой;","Кованый алюминий;
Антипригарное покрытие PTFE;
Наружное мраморное покрытие;
Стеклянные крышки с отверстием для пара;
Совместимость со всеми плитами."
de,кастрюли,55-333-621,78,Topfset Fry Power,"Topf Fry Power 2,3 l mit Deckel; Topf Fry Power 4,2 l mit Deckel; Topf Fry Power 6,4 l mit Deckel;","Geschmiedetes Aluminium;
Antihaftbeschichtung PTFE;
Äußere Marmorierung;
Glasdeckel mit Dampfventil;
Kompatibel mit allen Herdarten."
ro,кастрюли,55-333-621,78,Set oale Fry Power,"Oală Fry Power 2,3 l cu capac; Oală Fry Power 4,2 l cu capac; Oală Fry Power 6,4 l cu capac;","Aluminiu forjat;
Acoperire antiaderentă PTFE;
Acoperire exterioară marmurată;
Capace din sticlă cu orificiu pentru abur;
Compatibil cu toate tipurile de aragaze."
no,кастрюли,55-333-621,78,Kasserolle-sett Fry Power,"Kasserolle Fry Power 2,3 l med lokk; Kasserolle Fry Power 4,2 l med lokk; Kasserolle Fry Power 6,4 l med lokk;","Smidd aluminium;
Non-stick belegg PTFE;
Eksternt marmorert belegg;
Glasslokk med dampventil;
Kompatibel med alle komfyrtyper."
uk,кастрюли,28471,40,"Набір із 2-х каструль Steil Krauff та Ківша 1,2 л Steil","Каструля 3,4л зі скляною кришкою Steil 20см; Каструля 4,5л зі скляною кришкою Steil 22см; Ківш 1,2л зі скляною кришкою діаметр 14см;","5-слойное термоаккумулирующее дно;
высококачественная нержавеющая сталь (18/10);
крышка с паровыпуском; мерная шкала;
можно мыть в посудомоечной машине."
ru,кастрюли,28471,40,"Набор из 2-х кастрюль Steil Krauff и Ковша 1,2 л Steil","Кастрюля 3,4л со стеклянной крышкой Steil 20см; Кастрюля 4,5л со стеклянной крышкой Steil 22см; Ковш 1,2л со стеклянной крышкой диаметр 14см;","5-слойное термоаккумулирующее дно;
Высококачественная нержавеющая сталь (18/10);
Крышка с паровыпуском; мерная шкала;
Можно мыть в посудомоечной машине."
de,кастрюли,28471,40,"Set aus 2 Töpfen Steil Krauff und Schöpfkelle 1,2 l Steil","Topf 3,4l mit Glasdeckel Steil 20cm; Topf 4,5l mit Glasdeckel Steil 22cm; Schöpfkelle 1,2l mit Glasdeckel Durchmesser 14cm;","5-lagiger wärmespeichernder Boden;
Hochwertiger Edelstahl (18/10);
Deckel mit Dampfventil; Maßskala;
Spülmaschinenfest."
ro,кастрюли,28471,40,"Set din 2 oale Steil Krauff și Polonic 1,2 l Steil","Oală 3,4l cu capac din sticlă Steil 20cm; Oală 4,5l cu capac din sticlă Steil 22cm; Polonic 1,2l cu capac din sticlă diametru 14cm;","Fund termoaccumulator cu 5 straturi;
Oțel inoxidabil de înaltă calitate (18/10);
Capac cu supapă de abur; scară gradată;
Poate fi spălat în mașina de spălat vase."
no,кастрюли,28471,40,"Sett med 2 kasseroller Steil Krauff og Øse 1,2 l Steil","Kasserolle 3,4l med glasslokk Steil 20cm; Kasserolle 4,5l med glasslokk Steil 22cm; Øse 1,2l med glasslokk diameter 14cm;","5-lags varmeholden bunn;
Høykvalitets rustfritt stål (18/10);
Lokk med dampventil; måleskalering;
Oppvaskmaskinfast."
uk,кастрюли,28528,33,"Каструля з кришкою 2,7л та ківш з кришкою 2л Prime Chef Krauff","Каструля з кришкою 2,7 л ⌀18см Prime Chef; Ківш з кришкою 2 л ⌀16см Prime Chef;","Подходит для всех видов плит
Термоаккумулирующее 5-ти слойное дно
Эргономичные ручки
Термостойкая градация литража
Термостойкое стекло с отверстием для выхода пара"
ru,кастрюли,28528,33,"Кастрюля с крышкой 2,7л и ковш с крышкой 2л Prime Chef Krauff","Кастрюля с крышкой 2,7 л ⌀18см Prime Chef; Ковш с крышкой 2 л ⌀16см Prime Chef;","Подходит для всех видов плит
Термоаккумулирующее 5-слойное дно
Эргономичные ручки
Термостойкая градация литража
Термостойкое стекло с отверстием для выхода пара"
de,кастрюли,28528,33,"Topf mit Deckel 2,7l und Schöpfkelle mit Deckel 2l Prime Chef Krauff","Topf mit Deckel 2,7 l ⌀18cm Prime Chef; Schöpfkelle mit Deckel 2 l ⌀16cm Prime Chef;","Geeignet für alle Herdarten
5-lagiger wärmespeichernder Boden
Ergonomische Griffe
Hitzebeständige Litermarkierung
Hitzebeständiges Glas mit Dampfventil"
ro,кастрюли,28528,33,"Oală cu capac 2,7l și polonic cu capac 2l Prime Chef Krauff","Oală cu capac 2,7 l ⌀18cm Prime Chef; Polonic cu capac 2 l ⌀16cm Prime Chef;","Potrivit pentru toate tipurile de aragaze
Fund termoaccumulator cu 5 straturi
Mânere ergonomice
Gradație de litraj termorezistentă
Sticlă termorezistentă cu orificiu pentru abur"
no,кастрюли,28528,33,"Kasserolle med lokk 2,7l og øse med lokk 2l Prime Chef Krauff","Kasserolle med lokk 2,7 l ⌀18cm Prime Chef; Øse med lokk 2 l ⌀16cm Prime Chef;","Passer til alle komfyrtyper
5-lags varmeholden bunn
Ergonomiske håndtak
Varmebestandig literskala
Varmebestandig glass med dampventil"
uk,кастрюли,55-333-464,67,Набір каструль Prime Chef Krauff 8 предметів,"Ківш з кришкою 2л Ø 16см; Каструля з кришкою 2.7л Ø 18см; Каструля з кришкою 4,7л Ø 22см; Каструля з кришкою 2,0 л ⌀16 см;","Термоаккумулирующее 5-ти слойное дно.
Эргономичные ручки.
Термостойкая градация литража.
Термостойкое стекло с отверстием для выхода пара."
ru,кастрюли,55-333-464,67,Набор кастрюль Prime Chef Krauff 8 предметов,"Ковш с крышкой 2л Ø 16см; Кастрюля с крышкой 2,7л Ø 18см; Кастрюля с крышкой 4,7л Ø 22см; Кастрюля с крышкой 2,0 л ⌀16 см;","Термоаккумулирующее 5-слойное дно.
Эргономичные ручки.
Термостойкая градация литража.
Термостойкое стекло с отверстием для выхода пара."
de,кастрюли,55-333-464,67,Topfset Prime Chef Krauff 8-teilig,"Schöpfkelle mit Deckel 2l Ø 16cm; Topf mit Deckel 2,7l Ø 18cm; Topf mit Deckel 4,7l Ø 22cm; Topf mit Deckel 2,0 l ⌀16 cm;","5-lagiger wärmespeichernder Boden.
Ergonomische Griffe.
Hitzebeständige Litermarkierung.
Hitzebeständiges Glas mit Dampfventil."
ro,кастрюли,55-333-464,67,Set oale Prime Chef Krauff 8 piese,"Polonic cu capac 2l Ø 16cm; Oală cu capac 2,7l Ø 18cm; Oală cu capac 4,7l Ø 22cm; Oală cu capac 2,0 l ⌀16 cm;","Fund termoaccumulator cu 5 straturi.
Mânere ergonomice.
Gradație de litraj termorezistentă.
Sticlă termorezistentă cu orificiu pentru abur."
no,кастрюли,55-333-464,67,Kasserolle-sett Prime Chef Krauff 8 deler,"Øse med lokk 2l Ø 16cm; Kasserolle med lokk 2,7l Ø 18cm; Kasserolle med lokk 4,7l Ø 22cm; Kasserolle med lokk 2,0 l ⌀16 cm;","5-lags varmeholden bunn.
Ergonomiske håndtak.
Varmebestandig literskala.
Varmebestandig glass med dampventil."
uk,кастрюли,28718,121,Набір кастрюль з ковшем 10 предметів Cook&Joy,"Ковш 1,8 л з кришкою Каструля 2,5 л Каструля 3,5 л Каструля 4,6 л Каструля 5,8 л","Нержавеющая сталь 18/10 — прочность и гигиена
5-слойное капсульное дно — равномерное тепло без пригорания
Функциональные крышки из закаленного стекла
Внутренняя шкала — точность для ежедневных рецептов"
ru,кастрюли,28718,121,Набор кастрюль с ковшом 10 предметов Cook&Joy,"Ковш 1,8 л с крышкой Кастрюля 2,5 л Кастрюля 3,5 л Кастрюля 4,6 л Кастрюля 5,8 л","Нержавеющая сталь 18/10 — прочность и гигиена
5-слойное капсульное дно — равномерное тепло без пригорания
Функциональные крышки из закалённого стекла
Внутренняя шкала — точность для ежедневных рецептов"
de,кастрюли,28718,121,Topfset mit Schöpfkelle 10-teilig Cook&Joy,"Schöpfkelle 1,8 l mit Deckel Topf 2,5 l Topf 3,5 l Topf 4,6 l Topf 5,8 l","Edelstahl 18/10 — Robustheit und Hygiene
5-lagiger Kapselboden — gleichmäßige Wärme ohne Anbrennen
Funktionale Deckel aus gehärtetem Glas
Innere Maßskala — Präzision für tägliche Rezepte"
ro,кастрюли,28718,121,Set oale cu polonic 10 piese Cook&Joy,"Polonic 1,8 l cu capac Oală 2,5 l Oală 3,5 l Oală 4,6 l Oală 5,8 l","Oțel inoxidabil 18/10 — rezistență și igienă
Fund capsulat cu 5 straturi — căldură uniformă fără ardere
Capace funcționale din sticlă călită
Scară gradată interioară — precizie pentru rețetele zilnice"
no,кастрюли,28718,121,Kasserolle-sett med øse 10 deler Cook&Joy,"Øse 1,8 l med lokk Kasserolle 2,5 l Kasserolle 3,5 l Kasserolle 4,6 l Kasserolle 5,8 l","Rustfritt stål 18/10 — holdbarhet og hygiene
5-lags kapselbunnbunn — jevn varme uten å brenne
Funksjonelle lokk av herdet glass
Intern literskala — presisjon for daglige oppskrifter"
uk,кастрюли,28719,102,Набір каструль Elegance та ковша,"16x10,5см ківш з кришкою, 2,0л 20x11,5см каструля з кришкою, 3,7л 24x14,5см каструля з кришкою, 6,3л сковорода зі знімною ручкою, діам 26см.","Возможность слива жидкости, при фиксации крышки с помощью подвижных боковых ручек;
Геометрия ручки на крышке позволяет размещать кухонное оборудование;
Ручки с софт-тач покрытием."
ru,кастрюли,28719,102,Набор кастрюль Elegance и ковша,"16x10,5см ковш с крышкой, 2,0л 20x11,5см кастрюля с крышкой, 3,7л 24x14,5см кастрюля с крышкой, 6,3л сковорода со съёмной ручкой, диам 26см.","Возможность слива жидкости при фиксации крышки с помощью подвижных боковых ручек;
Геометрия ручки на крышке позволяет размещать кухонное оборудование;
Ручки с софт-тач покрытием."
de,кастрюли,28719,102,Topfset Elegance und Schöpfkelle,"16x10,5cm Schöpfkelle mit Deckel, 2,0l 20x11,5cm Topf mit Deckel, 3,7l 24x14,5cm Topf mit Deckel, 6,3l Pfanne mit abnehmbarem Griff, Ø 26cm.","Möglichkeit zum Abgießen von Flüssigkeiten beim Fixieren des Deckels mit beweglichen Seitengriffen;
Deckelgriff-Geometrie ermöglicht die Aufnahme von Küchengeräten;
Griffe mit Soft-Touch-Beschichtung."
ro,кастрюли,28719,102,Set oale Elegance și polonic,"16x10,5cm polonic cu capac, 2,0l 20x11,5cm oală cu capac, 3,7l 24x14,5cm oală cu capac, 6,3l tigaie cu mâner detașabil, diam 26cm.","Posibilitate de scurgere a lichidelor prin fixarea capacului cu mânere laterale mobile;
Geometria mânerului de pe capac permite plasarea echipamentelor de bucătărie;
Mânere cu acoperire soft-touch."
no,кастрюли,28719,102,Kasserolle-sett Elegance og øse,"16x10,5cm øse med lokk, 2,0l 20x11,5cm kasserolle med lokk, 3,7l 24x14,5cm kasserolle med lokk, 6,3l stekepanne med avtakbart håndtak, diam 26cm.","Mulighet for avrenning av væske ved låsing av lokket med bevegelige sidehåndtak;
Lokkhåndtakgeometrien gjør det mulig å plassere kjøkkenutstyr;
Håndtak med soft-touch belegg."
uk,кастрюли,28729,39,"Каструля 6,3 л Herzog Krauff","Каструля Krauff Herzog, зі скляною кришкою, 24 см, 6,3 л","Крышки с отверстиями для слива жидкости.
5-ти слойное термоаккумулирующее дно.
Градация литража"
ru,кастрюли,28729,39,"Кастрюля 6,3 л Herzog Krauff","Кастрюля Krauff Herzog, со стеклянной крышкой, 24 см, 6,3 л","Крышки с отверстиями для слива жидкости.
5-слойное термоаккумулирующее дно.
Градация литража"
de,кастрюли,28729,39,"Topf 6,3 l Herzog Krauff","Topf Krauff Herzog, mit Glasdeckel, 24 cm, 6,3 l","Deckel mit Abflussöffnungen.
5-lagiger wärmespeichernder Boden.
Litermarkierung"
ro,кастрюли,28729,39,"Oală 6,3 l Herzog Krauff","Oală Krauff Herzog, cu capac din sticlă, 24 cm, 6,3 l","Capace cu orificii de scurgere.
Fund termoaccumulator cu 5 straturi.
Gradație de litraj"
no,кастрюли,28729,39,"Kasserolle 6,3 l Herzog Krauff","Kasserolle Krauff Herzog, med glasslokk, 24 cm, 6,3 l","Lokk med avrenningsåpninger.
5-lags varmeholden bunn.
Literskala"
uk,кастрюли,55-333-374,39,Набір каструль із кришками Steil Krauff + ПОДАРУНКИ: Дошка обробна,"Каструля 3,4 л зі скляною кришкою Steil Ø20см; Каструля 2,5 л зі скляною кришкою Steil Ø18см; Каструля 4,5 л зі скляною кришкою Steil Ø22 см; Дошка обробна пластикова KuchenArt","5-слойное термоаккумулирующее дно,
высококачественная нержавеющая сталь (18/10),
крышка с выпуском пара,
мерная шкала,
можно мыть в посудомоечной машине."
ru,кастрюли,55-333-374,39,Набор кастрюль с крышками Steil Krauff + ПОДАРКИ: Разделочная доска,"Кастрюля 3,4 л со стеклянной крышкой Steil Ø20см; Кастрюля 2,5 л со стеклянной крышкой Steil Ø18см; Кастрюля 4,5 л со стеклянной крышкой Steil Ø22 см; Разделочная доска пластиковая KuchenArt","5-слойное термоаккумулирующее дно,
Высококачественная нержавеющая сталь (18/10),
Крышка с паровыпуском,
Мерная шкала,
Можно мыть в посудомоечной машине."
de,кастрюли,55-333-374,39,Topfset mit Deckeln Steil Krauff + GESCHENKE: Schneidebrett,"Topf 3,4 l mit Glasdeckel Steil Ø20cm; Topf 2,5 l mit Glasdeckel Steil Ø18cm; Topf 4,5 l mit Glasdeckel Steil Ø22 cm; Kunststoff-Schneidebrett KuchenArt","5-lagiger wärmespeichernder Boden,
Hochwertiger Edelstahl (18/10),
Deckel mit Dampfventil,
Maßskala,
Spülmaschinenfest."
ro,кастрюли,55-333-374,39,Set oale cu capace Steil Krauff + CADOURI: Tocător,"Oală 3,4 l cu capac din sticlă Steil Ø20cm; Oală 2,5 l cu capac din sticlă Steil Ø18cm; Oală 4,5 l cu capac din sticlă Steil Ø22 cm; Tocător din plastic KuchenArt","Fund termoaccumulator cu 5 straturi,
Oțel inoxidabil de înaltă calitate (18/10),
Capac cu supapă de abur,
Scară gradată,
Poate fi spălat în mașina de spălat vase."
no,кастрюли,55-333-374,39,Kasserolle-sett med lokk Steil Krauff + GAVER: Skjærebrett,"Kasserolle 3,4 l med glasslokk Steil Ø20cm; Kasserolle 2,5 l med glasslokk Steil Ø18cm; Kasserolle 4,5 l med glasslokk Steil Ø22 cm; Plastskjærebrett KuchenArt","5-lags varmeholden bunn,
Høykvalitets rustfritt stål (18/10),
Lokk med dampventil,
Måleskalering,
Oppvaskmaskinfast."
uk,кастрюли,55-333-400,45,Набір каструль 6 предметів Steil Krauff,"Каструля з кришкою Steil ⌀18 см — 2,5 л Каструля з кришкою Steil ⌀20 см — 3,4 л Каструля з кришкою Steil ⌀22 см — 4,5 л","5-слойное термоаккумулирующее дно;
высококачественная нержавеющая сталь (18/10);
крышка с выпуском пара;
мерная шкала;
можно мыть в посудомоечной машине."
ru,кастрюли,55-333-400,45,Набор кастрюль 6 предметов Steil Krauff,"Кастрюля с крышкой Steil ⌀18 см — 2,5 л Кастрюля с крышкой Steil ⌀20 см — 3,4 л Кастрюля с крышкой Steil ⌀22 см — 4,5 л","5-слойное термоаккумулирующее дно;
Высококачественная нержавеющая сталь (18/10);
Крышка с паровыпуском;
Мерная шкала;
Можно мыть в посудомоечной машине."
de,кастрюли,55-333-400,45,Topfset 6-teilig Steil Krauff,"Topf mit Deckel Steil ⌀18 cm — 2,5 l Topf mit Deckel Steil ⌀20 cm — 3,4 l Topf mit Deckel Steil ⌀22 cm — 4,5 l","5-lagiger wärmespeichernder Boden;
Hochwertiger Edelstahl (18/10);
Deckel mit Dampfventil;
Maßskala;
Spülmaschinenfest."
ro,кастрюли,55-333-400,45,Set oale 6 piese Steil Krauff,"Oală cu capac Steil ⌀18 cm — 2,5 l Oală cu capac Steil ⌀20 cm — 3,4 l Oală cu capac Steil ⌀22 cm — 4,5 l","Fund termoaccumulator cu 5 straturi;
Oțel inoxidabil de înaltă calitate (18/10);
Capac cu supapă de abur;
Scară gradată;
Poate fi spălat în mașina de spălat vase."
no,кастрюли,55-333-400,45,Kasserolle-sett 6 deler Steil Krauff,"Kasserolle med lokk Steil ⌀18 cm — 2,5 l Kasserolle med lokk Steil ⌀20 cm — 3,4 l Kasserolle med lokk Steil ⌀22 cm — 4,5 l","5-lags varmeholden bunn;
Høykvalitets rustfritt stål (18/10);
Lokk med dampventil;
Måleskalering;
Oppvaskmaskinfast."
uk,кухонные аксессуары,55-333-410,49,Набір ножів на підставці Prime Chef Krauff,"Підставка; ніж повара 20,5 см; ніж слайсерний 20,8 см; ніж для хліба 20,8 см; ніж універсальний 12,8 см; ніж для чистки овочів 9,5 см;","Цельнометаллическая конструкция
Высококачественная нержавеющая сталь
Эргономичные ручки
Стильный дизайн"
ru,кухонные аксессуары,55-333-410,49,Набор ножей на подставке Prime Chef Krauff,"Подставка; нож повара 20,5 см; нож слайсерный 20,8 см; нож для хлеба 20,8 см; нож универсальный 12,8 см; нож для чистки овощей 9,5 см;","Цельнометаллическая конструкция
Высококачественная нержавеющая сталь
Эргономичные ручки
Стильный дизайн"
de,кухонные аксессуары,55-333-410,49,Messer-Set auf Halter Prime Chef Krauff,"Halter; Kochmesser 20,5 cm; Schnitzmesser 20,8 cm; Brotmesser 20,8 cm; Universalmesser 12,8 cm; Gemüseschälmesser 9,5 cm;","Vollmetallkonstruktion
Hochwertiger Edelstahl
Ergonomische Griffe
Stilvolles Design"
ro,кухонные аксессуары,55-333-410,49,Set cuțite pe suport Prime Chef Krauff,"Suport; cuțit de bucătar 20,5 cm; cuțit de feliat 20,8 cm; cuțit pentru pâine 20,8 cm; cuțit universal 12,8 cm; cuțit pentru curățat legume 9,5 cm;","Construcție integral metalică
Oțel inoxidabil de înaltă calitate
Mânere ergonomice
Design elegant"
no,кухонные аксессуары,55-333-410,49,Kniv-sett på holder Prime Chef Krauff,"Holder; kokniv 20,5 cm; skjærekniv 20,8 cm; brødkniv 20,8 cm; universalkniv 12,8 cm; grønnsakskniv 9,5 cm;","Helmetallikonstruksjon
Høykvalitets rustfritt stål
Ergonomiske håndtak
Stilfullt design"
uk,кухонные аксессуары,55-333-418,46,Набір ножів Luxus,Набір ножів Luxus 5 предметів на підставці,"Лезвия из высококачественной стали X30Cr14 - устойчивы к коррозии, долго остаются острыми
Эргономичные ручки из ABS-пластика - прочные, не скользят, приятные на ощупь
Идеальны для ежедневного использования на любой кухне"
ru,кухонные аксессуары,55-333-418,46,Набор ножей Luxus,Набор ножей Luxus 5 предметов на подставке,"Лезвия из высококачественной стали X30Cr14 — устойчивы к коррозии, долго остаются острыми
Эргономичные ручки из ABS-пластика — прочные, не скользят, приятные на ощупь
Идеальны для ежедневного использования на любой кухне"
de,кухонные аксессуары,55-333-418,46,Messer-Set Luxus,Messer-Set Luxus 5-teilig auf Halter,"Klingen aus hochwertigem Stahl X30Cr14 — korrosionsbeständig, langanhaltend scharf
Ergonomische Griffe aus ABS-Kunststoff — robust, rutschfest, angenehm zu greifen
Ideal für den täglichen Einsatz in jeder Küche"
ro,кухонные аксессуары,55-333-418,46,Set cuțite Luxus,Set cuțite Luxus 5 piese pe suport,"Lame din oțel de înaltă calitate X30Cr14 — rezistente la coroziune, rămân ascuțite mult timp
Mânere ergonomice din plastic ABS — rezistente, nu alunecă, plăcute la atingere
Ideal pentru utilizare zilnică în orice bucătărie"
no,кухонные аксессуары,55-333-418,46,Knivsett Luxus,Knivsett Luxus 5 deler på holder,"Blader av høykvalitets stål X30Cr14 — korrosjonsbestandig, holder seg skarpt lenge
Ergonomiske håndtak av ABS-plast — robuste, sklisikre, behagelige å holde
Ideal for daglig bruk i ethvert kjøkken"
uk,кухонные аксессуары,55-333-635,60,Набір із 5-ти ножів на підставці Prime Chef Krauff,"Ніж кухаря 20,5 см; Ніж сантоку 17,5 см; Ніж сантоку 13,5 см; Універсальний ніж 12,5 см; Ніж для очищення овочів 9 см;","Нержавеющая сталь;
Прочные ручки;
Стильная деревянная подставка;
Простота в уходе."
ru,кухонные аксессуары,55-333-635,60,Набор из 5 ножей на подставке Prime Chef Krauff,"Нож повара 20,5 см; Нож сантоку 17,5 см; Нож сантоку 13,5 см; Универсальный нож 12,5 см; Нож для очистки овощей 9 см;","Нержавеющая сталь;
Прочные ручки;
Стильная деревянная подставка;
Простота в уходе."
de,кухонные аксессуары,55-333-635,60,Set aus 5 Messern auf Halter Prime Chef Krauff,"Kochmesser 20,5 cm; Santokumesser 17,5 cm; Santokumesser 13,5 cm; Universalmesser 12,5 cm; Gemüseschälmesser 9 cm;","Edelstahl;
Robuste Griffe;
Stilvoller Holzhalter;
Einfache Pflege."
ro,кухонные аксессуары,55-333-635,60,Set din 5 cuțite pe suport Prime Chef Krauff,"Cuțit de bucătar 20,5 cm; Cuțit santoku 17,5 cm; Cuțit santoku 13,5 cm; Cuțit universal 12,5 cm; Cuțit pentru curățat legume 9 cm;","Oțel inoxidabil;
Mânere rezistente;
Suport din lemn elegant;
Îngrijire ușoară."
no,кухонные аксессуары,55-333-635,60,Sett med 5 kniver på holder Prime Chef Krauff,"Kokniv 20,5 cm; Santokukniv 17,5 cm; Santokukniv 13,5 cm; Universalkniv 12,5 cm; Grønnsakskniv 9 cm;","Rustfritt stål;
Robuste håndtak;
Stilfullt treholder;
Enkel vedlikehold."
uk,кухонные аксессуары,55-333-562,46,Набір із 5-ти ножів Solvar Krauff,"Кухарський ніж 20,5 см; Ніж сантоку 17,5 см; Ніж сантоку 13,5 см; Універсальний ніж 12,8 см; Ніж для овочів 9 см; Підставка для зберігання ножів;","Идеальная острота;
Сплошные лезвия;
Полный набор;
Стильный блок."
ru,кухонные аксессуары,55-333-562,46,Набор из 5 ножей Solvar Krauff,"Нож повара 20,5 см; Нож сантоку 17,5 см; Нож сантоку 13,5 см; Универсальный нож 12,8 см; Нож для овощей 9 см; Подставка для хранения ножей;","Идеальная острота;
Сплошные лезвия;
Полный набор;
Стильная подставка."
de,кухонные аксессуары,55-333-562,46,Set aus 5 Messern Solvar Krauff,"Kochmesser 20,5 cm; Santokumesser 17,5 cm; Santokumesser 13,5 cm; Universalmesser 12,8 cm; Gemüsemesser 9 cm; Messerblock;","Perfekte Schärfe;
Durchgehende Klingen;
Vollständiges Set;
Stilvoller Block."
ro,кухонные аксессуары,55-333-562,46,Set din 5 cuțite Solvar Krauff,"Cuțit de bucătar 20,5 cm; Cuțit santoku 17,5 cm; Cuțit santoku 13,5 cm; Cuțit universal 12,8 cm; Cuțit pentru legume 9 cm; Suport pentru cuțite;","Ascuțime perfectă;
Lame continue;
Set complet;
Bloc elegant."
no,кухонные аксессуары,55-333-562,46,Sett med 5 kniver Solvar Krauff,"Kokniv 20,5 cm; Santokukniv 17,5 cm; Santokukniv 13,5 cm; Universalkniv 12,8 cm; Grønnsakskniv 9 cm; Knivblokk;","Perfekt skarphet;
Hele blader;
Fullstendig sett;
Stilfullt blokk."
uk,кухонные аксессуары,28252,64,Набір ножів на підставці Prime Сhef,"Кухарський ніж 20,5 см; Ніж сантоку 17,5 см; Ніж сантоку 13,5 см; Універсальний ніж 12,8 см; Ніж для овочів 9 см; Підставка для зберігання ножів;","Высококачественная нержавеющая сталь
Эргономичные ручки из ABS-пластика
Оптимальный баланс
Современный дизайн"
ru,кухонные аксессуары,28252,64,Набор ножей на подставке Prime Chef,"Нож повара 20,5 см; Нож сантоку 17,5 см; Нож сантоку 13,5 см; Универсальный нож 12,8 см; Нож для овощей 9 см; Подставка для хранения ножей;","Высококачественная нержавеющая сталь
Эргономичные ручки из ABS-пластика
Оптимальный баланс
Современный дизайн"
de,кухонные аксессуары,28252,64,Messer-Set auf Halter Prime Chef,"Kochmesser 20,5 cm; Santokumesser 17,5 cm; Santokumesser 13,5 cm; Universalmesser 12,8 cm; Gemüsemesser 9 cm; Messerblock;","Hochwertiger Edelstahl
Ergonomische Griffe aus ABS-Kunststoff
Optimale Balance
Modernes Design"
ro,кухонные аксессуары,28252,64,Set cuțite pe suport Prime Chef,"Cuțit de bucătar 20,5 cm; Cuțit santoku 17,5 cm; Cuțit santoku 13,5 cm; Cuțit universal 12,8 cm; Cuțit pentru legume 9 cm; Suport pentru cuțite;","Oțel inoxidabil de înaltă calitate
Mânere ergonomice din plastic ABS
Echilibru optim
Design modern"
no,кухонные аксессуары,28252,64,Knivsett på holder Prime Chef,"Kokniv 20,5 cm; Santokukniv 17,5 cm; Santokukniv 13,5 cm; Universalkniv 12,8 cm; Grønnsakskniv 9 cm; Knivblokk;","Høykvalitets rustfritt stål
Ergonomiske håndtak av ABS-plast
Optimal balanse
Moderne design"
uk,кухонные аксессуары,55-333-676,29,Набір скляних контейнерів Locker + ПОДАРУНКИ: Термокружки Komfort 380 мл 2 шт,Контейнер із кришкою 1500 мл; Контейнер із кришкою 1040 мл; Контейнер із кришкою 640 мл; Контейнер із кришкою 380 мл; Термокружка Komfort 380 мл; Термокружка Komfort 380 мл,"-герметичные крышки с силиконовыми уплотнителями
-термостойкое стекло
-выдерживает подогрев в микроволновке (без использования крышки)
-универсальность хранения"
ru,кухонные аксессуары,55-333-676,29,Набор стеклянных контейнеров Locker + ПОДАРКИ: Термокружки Komfort 380 мл 2 шт,Контейнер с крышкой 1500 мл; Контейнер с крышкой 1040 мл; Контейнер с крышкой 640 мл; Контейнер с крышкой 380 мл; Термокружка Komfort 380 мл; Термокружка Komfort 380 мл,"-Герметичные крышки с силиконовыми уплотнителями
-Термостойкое стекло
-Выдерживает подогрев в микроволновке (без крышки)
-Универсальность хранения"
de,кухонные аксессуары,55-333-676,29,Glasbehälter-Set Locker + GESCHENKE: Thermobecher Komfort 380 ml 2 Stk,Behälter mit Deckel 1500 ml; Behälter mit Deckel 1040 ml; Behälter mit Deckel 640 ml; Behälter mit Deckel 380 ml; Thermobecher Komfort 380 ml; Thermobecher Komfort 380 ml,"-Luftdichte Deckel mit Silikon-Dichtungen
-Hitzebeständiges Glas
-Für die Mikrowelle geeignet (ohne Deckel)
-Universelle Aufbewahrungsmöglichkeiten"
ro,кухонные аксессуары,55-333-676,29,Set containere din sticlă Locker + CADOURI: Cupe termice Komfort 380 ml 2 buc,Container cu capac 1500 ml; Container cu capac 1040 ml; Container cu capac 640 ml; Container cu capac 380 ml; Cupă termică Komfort 380 ml; Cupă termică Komfort 380 ml,"-Capace etanșe cu garnituri din silicon
-Sticlă termorezistentă
-Rezistă la încălzire în microunde (fără capac)
-Versatilitate în depozitare"
no,кухонные аксессуары,55-333-676,29,Glass-beholder-sett Locker + GAVER: Termokopper Komfort 380 ml 2 stk,Beholder med lokk 1500 ml; Beholder med lokk 1040 ml; Beholder med lokk 640 ml; Beholder med lokk 380 ml; Termokopp Komfort 380 ml; Termokopp Komfort 380 ml,"-Lufttette lokk med silikontettinger
-Varmebestandig glass
-Tåler oppvarming i mikrobølgeovn (uten lokk)
-Allsidig oppbevaring"
uk,кухонные аксессуары,55-333-351,31,Набір скляних ємностей для зберігання та Термос 600мл,"Ємність для зберігання Prime Chef Krauff 1,7 л з кришкою висотою 30 см; Ємність для зберігання Prime Chef Krauff 0,84 л з кришкою висотою 17 см; Ємність для зберігання Prime Chef Krauff 0,58 л з кришкою висотою 13 см; Термос 600 мл","Крышки с инновационным механизмом открывания;
Счетчик дней на крышках;
Разнообразие объемов;"
ru,кухонные аксессуары,55-333-351,31,Набор стеклянных ёмкостей для хранения и Термос 600мл,"Ёмкость для хранения Prime Chef Krauff 1,7 л с крышкой высотой 30 см; Ёмкость для хранения Prime Chef Krauff 0,84 л с крышкой высотой 17 см; Ёмкость для хранения Prime Chef Krauff 0,58 л с крышкой высотой 13 см; Термос 600 мл","Крышки с инновационным механизмом открывания;
Счётчик дней на крышках;
Разнообразие объёмов;"
de,кухонные аксессуары,55-333-351,31,Set Glasbehälter zur Aufbewahrung und Thermosflasche 600ml,"Aufbewahrungsbehälter Prime Chef Krauff 1,7 l mit Deckel Höhe 30 cm; Aufbewahrungsbehälter Prime Chef Krauff 0,84 l mit Deckel Höhe 17 cm; Aufbewahrungsbehälter Prime Chef Krauff 0,58 l mit Deckel Höhe 13 cm; Thermosflasche 600 ml","Deckel mit innovativem Öffnungsmechanismus;
Tagesanzahl auf den Deckeln;
Verschiedene Größen;"
ro,кухонные аксессуары,55-333-351,31,Set recipiente din sticlă pentru depozitare și Termos 600ml,"Recipient pentru depozitare Prime Chef Krauff 1,7 l cu capac înălțime 30 cm; Recipient pentru depozitare Prime Chef Krauff 0,84 l cu capac înălțime 17 cm; Recipient pentru depozitare Prime Chef Krauff 0,58 l cu capac înălțime 13 cm; Termos 600 ml","Capace cu mecanism inovator de deschidere;
Numărător de zile pe capace;
Varietate de volume;"
no,кухонные аксессуары,55-333-351,31,Sett med glasbeholdere for oppbevaring og Termos 600ml,"Oppbevaringsbeholder Prime Chef Krauff 1,7 l med lokk høyde 30 cm; Oppbevaringsbeholder Prime Chef Krauff 0,84 l med lokk høyde 17 cm; Oppbevaringsbeholder Prime Chef Krauff 0,58 l med lokk høyde 13 cm; Termos 600 ml","Lokk med innovativ åpningsmekanisme;
Dagteller på lokkene;
Varierte størrelser;"
uk,кухонные аксессуары,55-333-524,29,Чайник Krauff Nebion 3 л,Тришарове феромагнітне дно Безпечне та контрольоване наливання,"Изысканные линии корпуса.
Точная геометрия ручки.
Трёхслойное ферромагнитное дно
Безопасный и контролируемый налив."
ru,кухонные аксессуары,55-333-524,29,Чайник Krauff Nebion 3 л,Трёхслойное ферромагнитное дно Безопасное и контролируемое наливание,"Изысканные линии корпуса.
Точная геометрия ручки.
Трёхслойное ферромагнитное дно
Безопасный и контролируемый налив."
de,кухонные аксессуары,55-333-524,29,Wasserkocher Krauff Nebion 3 l,Dreilagiger ferromagnetischer Boden Sicheres und kontrolliertes Einschenken,"Elegante Körperlinien.
Präzise Griffgeometrie.
Dreilagiger ferromagnetischer Boden
Sicheres und kontrolliertes Einschenken."
ro,кухонные аксессуары,55-333-524,29,Ceainic Krauff Nebion 3 l,Fund feromagnetic cu trei straturi Turnare sigură și controlată,"Linii elegante ale corpului.
Geometrie precisă a mânerului.
Fund feromagnetic cu trei straturi
Turnare sigură și controlată."
no,кухонные аксессуары,55-333-524,29,Kjele Krauff Nebion 3 l,Trelagets ferromagnetisk bunn Sikker og kontrollert helling,"Elegante kroppslinjer.
Presis håndtakgeometri.
Trelagets ferromagnetisk bunn
Sikker og kontrollert helling."
uk,набор посуды,кераміка_1,,Набори керамічного посуду 15 шт. Набір каструль та сковорідок з антипригарним покриттям (чорний 15),"Набір керамічного посуду з антипригарним покриттям — нетоксичний та корисніший за тефлонове покриття! Набір з фритюрницею 9""/11"", фритюрницею з кришкою 11""/4,5 кварти, кришкою тушкування 1,5 кварти, силіконовими лопатками, ложками, щипцями та 4 захисними чохлами.","Керамическое антипригарное покрытие безопасно и нетоксично
Устойчиво к царапинам и обеспечивает отличное скольжение продуктов
Посуда легко очищается
Подходит для всех типов плит
Ненагревающиеся бакелитовые ручки"
ru,набор посуды,кераміка_1,,Наборы керамической посуды 15 шт. Набор кастрюль и сковородок с антипригарным покрытием (чёрный 15),"Набор керамической посуды с антипригарным покрытием — нетоксичный и лучше тефлонового! Набор с фритюрницей 9""/11"", фритюрницей с крышкой 11""/4,5 кварты, крышкой тушения 1,5 кварты, силиконовыми лопатками, ложками, щипцами и 4 защитными чехлами.","Керамическое антипригарное покрытие безопасно и нетоксично
Устойчиво к царапинам и обеспечивает отличное скольжение продуктов
Посуда легко очищается
Подходит для всех типов плит
Ненагревающиеся бакелитовые ручки"
de,набор посуды,кераміка_1,,Keramik-Kochgeschirr-Sets 15-teilig. Topf- und Pfannen-Set mit Antihaftbeschichtung (schwarz 15),"Keramik-Kochgeschirr-Set mit Antihaftbeschichtung — ungiftig und besser als Teflon! Set mit 9""/11""-Frittierpfanne, 11""/4,5-Quart-Frittierpfanne mit Deckel, 1,5-Quart-Schmortopf-Deckel, Silikon-Pfannenwendern, Löffeln, Zangen und 4 Schutzabdeckungen.","Keramische Antihaftbeschichtung ist sicher und ungiftig
Kratzfest und sorgt für hervorragendes Gleiten der Speisen
Geschirr leicht zu reinigen
Geeignet für alle Herdarten
Nicht erhitzende Bakelit-Griffe"
ro,набор посуды,кераміка_1,,Seturi de veselă ceramică 15 buc. Set oale și tigăi cu acoperire antiaderentă (negru 15),"Set de veselă ceramică cu acoperire antiaderentă — netoxic și mai sănătos decât Teflon! Set cu friteuză 9""/11"", friteuză cu capac 11""/4,5 quarts, capac tigaie 1,5 quarts, spatule din silicon, linguri, clești și 4 huse de protecție.","Acoperirea ceramică antiaderentă este sigură și netoxică
Rezistentă la zgârieturi și asigură alunecare excelentă a alimentelor
Vasele se curăță ușor
Potrivit pentru toate tipurile de aragaze
Mânere din bachelită care nu se încălzesc"
no,набор посуды,кераміка_1,,Keramisk kokekar-sett 15 deler. Sett med kasseroller og stekepanner med non-stick belegg (sort 15),"Keramisk kokekar-sett med non-stick belegg — giftfritt og sunnere enn teflon! Sett med 9""/11"" frityrkurv, 11""/4,5 quarts frityrkurv med lokk, 1,5 quarts grytedeksel, silikonspader, skjeer, tang og 4 beskyttelseshylser.","Keramisk non-stick belegg er trygt og giftfritt
Mostandsdyktig mot riper og gir utmerket glidning for mat
Kokekar er lett å rengjøre
Passer til alle komfyrtyper
Bakelit-håndtak som ikke varmes opp"
uk,набор посуды,кераміка_2,,"Набір керамічних каструль і сковорідок Kikcoin з 16 предметів з антипригарним покриттям, включає сковороду-гриль 9,5 дюйма, набір індукційного кухонного посуду","Виготовлене з натуральних мінералів, воно не виділяє випарів при перегріванні.","Керамическое антипригарное покрытие безопасно и нетоксично
Устойчиво к царапинам и обеспечивает отличное скольжение продуктов
Посуда легко очищается
Подходит для всех типов плит
Ненагревающиеся бакелитовые ручки"
ru,набор посуды,кераміка_2,,"Набор керамических кастрюль и сковородок Kikcoin из 16 предметов с антипригарным покрытием, включает сковороду-гриль 9,5 дюйма, набор индукционной кухонной посуды","Изготовлено из натуральных минералов, не выделяет пары при перегреве.","Керамическое антипригарное покрытие безопасно и нетоксично
Устойчиво к царапинам и обеспечивает отличное скольжение продуктов
Посуда легко очищается
Подходит для всех типов плит
Ненагревающиеся бакелитовые ручки"
de,набор посуды,кераміка_2,,"Keramik-Topf- und Pfannen-Set Kikcoin 16-teilig mit Antihaftbeschichtung, inklusive 9,5-Zoll-Grillpfanne, Induktions-Kochgeschirr-Set","Aus natürlichen Mineralien hergestellt, gibt keine Dämpfe beim Überhitzen ab.","Keramische Antihaftbeschichtung ist sicher und ungiftig
Kratzfest und sorgt für hervorragendes Gleiten der Speisen
Geschirr leicht zu reinigen
Geeignet für alle Herdarten
Nicht erhitzende Bakelit-Griffe"
ro,набор посуды,кераміка_2,,"Set oale și tigăi ceramice Kikcoin din 16 piese cu acoperire antiaderentă, include tigaie grill 9,5 inci, set vase inducție","Fabricat din minerale naturale, nu emite vapori la supraîncălzire.","Acoperirea ceramică antiaderentă este sigură și netoxică
Rezistentă la zgârieturi și asigură alunecare excelentă a alimentelor
Vasele se curăță ușor
Potrivit pentru toate tipurile de aragaze
Mânere din bachelită care nu se încălzesc"
no,набор посуды,кераміка_2,,"Keramisk kasserolle- og stekepanne-sett Kikcoin 16 deler med non-stick belegg, inkluderer 9,5-tommers grillpanne, induksjonskokekar-sett","Laget av naturlige mineraler, avgir ingen damper ved overoppheting.","Keramisk non-stick belegg er trygt og giftfritt
Motstandsdyktig mot riper og gir utmerket glidning for mat
Kokekar er lett å rengjøre
Passer til alle komfyrtyper
Bakelit-håndtak som ikke varmes opp"
